NewInstructor,Average_Point,Course,SUBJECT,CATALOG_NBR,NumberofResponse,Term,emplid,ACAD_GROUP
sample 206,5,MAL 594,MAL,594,3,1192,11062138,DDS
sample 547,3.78,ETC 553,ETC,553,4,1191,820123786,ASOE
sample 368,4.5,IS 468,IS,468,3,1192,20110730,SOBM
sample 493,4.5,ISEC 505,ISEC,505,8,1194,40056638,SOBM
sample 442,4.85,LDRD 644,LDRD,644,6,1191,20122473,DDS
sample 79,4.59,MBA 545,MBA,545,4,1202,20123446,SOBM
sample 263,3.54,IS 340,IS,340,6,1191,20123024,SOBM
sample 195,4.45,COM 419,COM,419,19,1184,20082382,HSABS
sample 348,4.92,IS 472,IS,472,3,1191,20107136,SOBM
sample 94,5,CPC 651,CPC,651,1,1192,30104263,HSABS
sample 313,4,MAL 558,MAL,558,1,1192,11044071,DDS
sample 19,4.36,SCI 201,SCI,201,12,1191,20121988,HSABS
sample 433,4.6,MBA 535,MBA,535,6,1194,11117392,SOBM
sample 369,4.56,MBA 546,MBA,546,2,1184,11125579,SOBM
sample 11,3.75,CPC 522,CPC,522,7,1194,20001451,HSABS
sample 15,4.83,ETC 585,ETC,585,3,1192,20123336,ASOE
sample 523,4.38,ENT 640,ENT,640,1,1202,20102560,SOBM
sample 8,4,ETC 508,ETC,508,3,1201,40045822,ASOE
sample 386,4.74,RESR 617,RESR,617,14,1184,20100475,DDS
sample 370,3.88,EGC 542,EGC,542,4,1191,20112259,ASOE
sample 315,4,ENG 102,ENG,102,2,1192,20001886,HSABS
sample 516,5,ETC 588,ETC,588,1,1201,20122993,ASOE
sample 374,4.7,MBA 515,MBA,515,5,1202,40027687,SOBM
sample 18,4.97,PSY 413,PSY,413,5,1183,20116806,HSABS
sample 259,4.72,MATH 138,MATH,138,10,1183,20001787,HSABS
sample 318,5,RESR 694C,RESR, 694C,1,1192,11095956,DDS
sample 386,4.04,ML 511,ML,511,2,1202,20100475,DDS
sample 373,3.94,TESOL 510,TESOL,510,2,1202,40032146,WAL
sample 462,3.67,EGC 545,EGC,545,3,1191,20001829,ASOE
sample 399,4.47,NAS 332,NAS,332,18,1183,20122471,SOBM
sample 516,3,ESP 525,ESP,525,2,1194,20122993,ASOE
sample 210,1.13,EAD 555,EAD,555,1,1183,22653782,DDS
sample 341,5,EDLD 643,EDLD,643,2,1184,20001313,ASOE
sample 228,4.88,CPC 652,CPC,652,1,1193,20001885,HSABS
sample 323,4.59,PSY 316,PSY,316,7,1192,11021220,HSABS
sample 405,4.21,ETC 507,ETC,507,7,1202,40058133,ASOE
sample 549,4.08,EGC 509,EGC,509,11,1183,30100110,ASOE
sample 206,4.88,MAL 592,MAL,592,5,1191,11062138,DDS
sample 398,4.64,BUS 304,BUS,304,10,1194,20119314,SOBM
sample 347,4.13,MBA 546,MBA,546,2,1194,20062294,SOBM
sample 20,3.94,CPC 603,CPC,603,4,1201,20084409,HSABS
sample 256,4.6,CS 555,CS,555,26,1202,40056677,SOBM
sample 498,4,MBA 561,MBA,561,1,1183,20118532,SOBM
sample 269,4.43,MBA 511,MBA,511,7,1191,20001114,SOBM
sample 291,4.15,PM 501,PM,501,5,1184,11068374,SOBM
sample 507,4.81,BSC 407,BSC,407,2,1202,20074336,SOBM
sample 190,4.88,HL 580,HL,580,2,1192,20122326,SOBM
sample 275,4.04,CJ 318,CJ,318,7,1184,20122901,HSABS
sample 10,4.43,CPC 526,CPC,526,9,1193,40055975,HSABS
sample 476,5,CPC 695,CPC,695,1,1192,20123405,HSABS
sample 1,4.58,EGC 505,EGC,505,6,1191,20117640,HSABS
sample 11,4.13,CPC 600,CPC,600,11,1193,20001451,HSABS
sample 313,4.79,MC 585,MC,585,14,1192,11044071,SOBM
sample 278,4.72,COUN 513,COUN,513,5,1191,20122733,HSABS
sample 168,3.75,EGC 504,EGC,504,9,1184,40033342,ASOE
sample 190,3.73,HL 546,HL,546,6,1201,20122326,SOBM
sample 312,3.75,CPC 600,CPC,600,1,1194,11110696,HSABS
sample 91,4.44,ENG 101,ENG,101,6,1202,20122400,HSABS
sample 524,3.55,MK 300,MK,300,10,1184,11010530,SOBM
sample 436,4,BSC 401,BSC,401,5,1183,11143027,SOBM
sample 231,5,HL 400,HL,400,3,1192,20123551,SOBM
sample 283,4.55,EGC 504,EGC,504,5,1184,20001169,ASOE
sample 36,2.38,CPC 512,CPC,512,1,1201,20001874,HSABS
sample 436,5,AC 215,AC,215,1,1193,11143027,SOBM
sample 276,3.15,MBA 550,MBA,550,6,1202,20123185,SOBM
sample 40,4.72,MBA 605,MBA,605,5,1183,20122162,SOBM
sample 467,3.97,MBA 535,MBA,535,12,1191,20122475,SOBM
sample 222,3.64,BC 302,BC,302,13,1183,30107700,SOBM
sample 146,4.17,EEA 536,EEA,536,6,1194,40024879,ASOE
sample 460,5,HR 512,HR,512,2,1184,20122041,SOBM
sample 435,4.25,SSC 221,SSC,221,3,1184,11118287,HSABS
sample 150,4.21,DBA 620,DBA,620,6,1194,20071358,SOBM
sample 251,4.54,SSC 204,SSC,204,3,1201,20122525,SOBM
sample 375,4.94,HL 330,HL,330,4,1192,20092414,SOBM
sample 150,3.2,PM 630,PM,630,5,1184,20071358,SOBM
sample 515,5,RESR 694A,RESR, 694A,1,1194,40028259,DDS
sample 84,4.25,ECC 516,ECC,516,3,1202,40044795,ASOE
sample 317,3.63,EDU 383A,EDU, 383A,2,1192,11104120,ASOE
sample 168,4.63,COUN 652,COUN,652,4,1183,40033342,HSABS
sample 56,3.75,CS 510,CS,510,2,1183,20110217,SOBM
sample 97,4,MBA 546,MBA,546,4,1202,20122666,SOBM
sample 222,4.22,BSM 304,BSM,304,8,1202,30107700,SOBM
sample 54,3.88,EGC 607,EGC,607,2,1192,20122330,ASOE
sample 461,4.49,CPC 501,CPC,501,12,1192,20116019,HSABS
sample 15,4.15,ESP 370A,ESP, 370A,5,1191,20123336,ASOE
sample 284,5,BSC 402,BSC,402,2,1191,11090976,SOBM
sample 313,4.98,MBA 500,MBA,500,17,1194,11044071,SOBM
sample 456,3.67,CPC 512,CPC,512,3,1183,20001012,HSABS
sample 121,2.5,CPC 604,CPC,604,2,1183,20001649,HSABS
sample 335,4.31,ERL 502,ERL,502,2,1183,11065294,ASOE
sample 125,4.5,ETC 692,ETC,692,3,1201,11143794,ASOE
sample 18,3.75,PSY 324,PSY,324,4,1192,20116806,HSABS
sample 191,4.71,PSY 209,PSY,209,6,1192,20063576,HSABS
sample 179,3.77,BSC 407,BSC,407,7,1191,20123391,SOBM
sample 191,4.36,MATH 107,MATH,107,18,1202,20063576,HSABS
sample 310,1,RESR 694B,RESR, 694B,0,1202,20051018,DDS
sample 313,4.61,MAL 510,MAL,510,8,1184,11044071,DDS
sample 511,4.79,CPC 511,CPC,511,3,1191,11112386,HSABS
sample 104,5,ENG 102,ENG,102,4,1191,40033693,HSABS
sample 549,4.66,EGC 506,EGC,506,8,1201,30100110,HSABS
sample 323,4.28,PSY 316,PSY,316,8,1202,11021220,HSABS
sample 389,4.66,EEA 538,EEA,538,8,1194,40030664,ASOE
sample 318,4.63,MBA 555,MBA,555,7,1201,11095956,SOBM
sample 195,4.39,ENG 102,ENG,102,20,1183,20082382,HSABS
sample 271,4.79,BSC 403,BSC,403,3,1191,11041486,SOBM
sample 18,3.7,COUN 519,COUN,519,8,1202,20116806,HSABS
sample 297,2.56,LDRD  90,LDRD,90,2,1193,20083400,DDS
sample 511,4.53,CPC 502,CPC,502,4,1193,11112386,HSABS
sample 461,2.5,CPC 696,CPC,696,1,1193,20116019,HSABS
sample 545,3.56,MBA 520,MBA,520,4,1192,20111834,SOBM
sample 47,4.5,MBA 525,MBA,525,8,1183,20122541,SOBM
sample 368,4.46,IS 464,IS,464,3,1183,20110730,SOBM
sample 328,4.21,PM 401,PM,401,33,1201,20106269,SOBM
sample 29,3.38,PM 480,PM,480,1,1192,20122222,SOBM
sample 386,4.59,MAL 505,MAL,505,8,1184,20100475,DDS
sample 31,4.51,SOC 412,SOC,412,16,1201,20001439,HSABS
sample 210,5,LDRD 652,LDRD,652,1,1183,22653782,DDS
sample 419,4.33,BC 301,BC,301,3,1184,20122504,SOBM
sample 286,3.77,SOC319,SOC,319,1,1202,20122930,HSABS
sample 524,4.32,MK 300,MK,300,7,1183,11010530,SOBM
sample 121,3.5,CPC 653,CPC,653,1,1183,20001649,HSABS
sample 287,3.75,ETC 603,ETC,603,1,1201,20104906,ASOE
sample 516,5,ETC 599,ETC,599,1,1192,20122993,ASOE
sample 3,4.7,EDU 323,EDU,323,5,1191,30115871,ASOE
sample 203,3.75,EEA 644,EEA,644,1,1194,20123081,ASOE
sample 83,4.78,BSM 414,BSM,414,4,1191,20001205,SOBM
sample 537,5,CJ 403,CJ,403,1,1193,11137526,SOBM
sample 11,4.38,CPC 600,CPC,600,2,1183,20001451,HSABS
sample 211,4.65,MBA 545,MBA,545,5,1194,20118612,SOBM
sample 261,4.5,MBA 550,MBA,550,1,1184,20062314,SOBM
sample 374,4.55,MBA 550,MBA,550,11,1202,40027687,SOBM
sample 191,4.83,MATH 151,MATH,151,3,1184,20063576,HSABS
sample 391,3.86,ESP 423,ESP,423,13,1202,40045835,ASOE
sample 442,4.75,LDRD 634,LDRD,634,1,1201,20122473,DDS
sample 369,3.75,PM 401,PM,401,1,1183,11125579,SOBM
sample 262,4.88,CJ 360,CJ,360,3,1191,20123060,SOBM
sample 366,5,EAD 505,EAD,505,4,1192,20001090,DDS
sample 200,4.51,ETC 595,ETC,595,18,1201,11072166,ASOE
sample 383,4.73,MBA 555,MBA,555,8,1194,20123406,SOBM
sample 126,4.88,COUN 522,COUN,522,6,1192,40043950,HSABS
sample 549,4.32,EGC 506,EGC,506,17,1191,30100110,HSABS
sample 197,3.33,MBA 535,MBA,535,6,1184,20122040,SOBM
sample 16,5,AC 530,AC,530,2,1192,20122317,SOBM
sample 18,4.92,HSVC 355,HSVC,355,2,1202,20116806,HSABS
sample 558,4.78,MBA 535,MBA,535,11,1183,20001054,SOBM
sample 559,3,BSC 400,BSC,400,1,1184,20001104,SOBM
sample 530,3.17,PSY 316,PSY,316,3,1192,40032900,HSABS
sample 377,4.86,HST 306,HST,306,7,1191,11002310,HSABS
sample 519,2.38,MBA 535,MBA,535,10,1201,11139708,SOBM
sample 313,4.74,MBA 545,MBA,545,9,1201,11044071,SOBM
sample 264,4.69,DBA 600,DBA,600,4,1201,20122603,SOBM
sample 464,4.81,CS 201,CS,201,2,1202,20001441,SOBM
sample 552,3.88,EDE 249,EDE,249,2,1193,20122847,ASOE
sample 239,4.88,ELP  85,ELP,85,8,1184,20099708,WAL
sample 530,4.65,PSY 411,PSY,411,4,1202,40032900,HSABS
sample 313,5,MC 599,MC,599,2,1194,11044071,SOBM
sample 493,4.75,ISEC 505,ISEC,505,2,1202,40056638,SOBM
sample 117,4.3,EEA 526,EEA,526,7,1201,20001647,DDS
sample 203,4.02,ECC 510,ECC,510,6,1202,20123081,ASOE
sample 190,3.92,HL 570,HL,570,8,1184,20122326,SOBM
sample 32,4,FIN 543,FIN,543,1,1202,40051451,SOBM
sample 357,3.69,CS 130,CS,130,6,1201,40068013,SOBM
sample 427,3.33,DBA 605,DBA,605,3,1184,20122342,SOBM
sample 383,4.55,MBA 520,MBA,520,23,1183,20123406,SOBM
sample 9,3.95,MBA 525,MBA,525,12,1194,40059030,SOBM
sample 281,4.88,EML 486,EML,486,1,1202,40040687,ASOE
sample 458,5,EEA 641,EEA,641,1,1183,20001718,ASOE
sample 337,4.34,BSM 405,BSM,405,4,1194,20122506,SOBM
sample 291,4.56,PM 513,PM,513,2,1191,11068374,SOBM
sample 471,4.72,CS 223,CS,223,5,1201,40044093,SOBM
sample 228,1,EGC 640,EGC,640,1,1191,20001885,ASOE
sample 191,4.6,MATH 107,MATH,107,16,1184,20063576,HSABS
sample 133,4.53,BSM 405,BSM,405,5,1202,11031033,SOBM
sample 519,3.55,MBA 535,MBA,535,7,1202,11139708,SOBM
sample 271,3.79,BC 306,BC,306,12,1192,11041486,SOBM
sample 409,4.97,ETC 514,ETC,514,8,1184,20110000,ASOE
sample 562,4.47,BSM 405,BSM,405,26,1192,20001707,SOBM
sample 56,4.84,IS 350,IS,350,4,1193,20110217,SOBM
sample 261,3.75,MBA 500,MBA,500,1,1202,20062314,SOBM
sample 53,4.38,ESL 421,ESL,421,2,1194,30106854,ASOE
sample 373,4.69,TESOL 510,TESOL,510,2,1191,40032146,WAL
sample 24,3.94,MK 527,MK,527,2,1193,11118018,SOBM
sample 49,3.55,ERL 417,ERL,417,5,1201,820123780,ASOE
sample 53,3.64,ESL 670,ESL,670,15,1201,30106854,ASOE
sample 278,4.35,COUN 510,COUN,510,5,1193,20122733,HSABS
sample 121,5,CPC 603,CPC,603,1,1201,20001649,HSABS
sample 461,4.94,CPC 655,CPC,655,2,1193,20116019,HSABS
sample 563,5,MK 300,MK,300,1,1192,40048955,SOBM
sample 461,3.33,CPC 695,CPC,695,3,1202,20116019,HSABS
sample 304,2.75,MBA 555,MBA,555,2,1191,20123202,SOBM
sample 29,4.23,PM 509,PM,509,7,1184,20122222,SOBM
sample 107,4.45,EEA 605,EEA,605,16,1192,20001927,DDS
sample 166,5,HL 530,HL,530,2,1193,30108229,SOBM
sample 501,5,RESR 694B,RESR, 694B,1,1201,40049332,DDS
sample 313,4.91,BSM 495,BSM,495,4,1193,11044071,SOBM
sample 341,2.88,EDLD 642,EDLD,642,2,1184,20001313,ASOE
sample 396,4.25,EEA 516,EEA,516,1,1194,20001429,DDS
sample 431,3.75,CPC 501,CPC,501,10,1202,20123350,HSABS
sample 426,5,IS 471,IS,471,3,1191,40037086,SOBM
sample 276,4.24,ISEC 500,ISEC,500,21,1192,20123185,SOBM
sample 313,4.78,HR 405,HR,405,5,1201,11044071,SOBM
sample 374,4.28,PM 504,PM,504,11,1193,40027687,SOBM
sample 411,4.94,COUN 570,COUN,570,2,1192,20123514,HSABS
sample 510,3.98,SCI 304,SCI,304,17,1184,820123755,HSABS
sample 323,4.25,PSY 201,PSY,201,4,1192,11021220,HSABS
sample 135,3.44,MBA 540,MBA,540,2,1192,20066248,SOBM
sample 403,5,MATH 138,MATH,138,1,1184,20062567,HSABS
sample 97,4.59,BC 301,BC,301,11,1201,20122666,SOBM
sample 455,4.67,TESOL 540,TESOL,540,3,1201,820123776,WAL
sample 85,4.06,BC 301,BC,301,16,1191,20001226,SOBM
sample 376,3.88,ESL 434,ESL,434,1,1183,20061295,ASOE
sample 349,4.78,MBA 525,MBA,525,5,1191,11115281,SOBM
sample 444,4.94,TESOL 525,TESOL,525,2,1192,820123781,WAL
sample 164,4.3,COUN 632,COUN,632,5,1194,40057431,HSABS
sample 476,3.13,CPC 695,CPC,695,2,1183,20123405,HSABS
sample 225,4.48,CPC 502,CPC,502,8,1183,20121948,HSABS
sample 121,4.31,CPC 653,CPC,653,2,1194,20001649,HSABS
sample 262,4.46,CJ 362,CJ,362,3,1183,20123060,HSABS
sample 252,3.63,ECC 511,ECC,511,1,1192,20117099,ASOE
sample 429,3.63,ECC 511,ECC,511,1,1184,20001364,ASOE
sample 233,4.5,MG 201,MG,201,2,1193,20062318,SOBM
sample 345,4.88,CPC 603,CPC,603,1,1201,20122165,HSABS
sample 68,5,RESR 694B,RESR, 694B,1,1191,40028298,DDS
sample 322,4.5,ETC 519,ETC,519,15,1201,20062629,ASOE
sample 374,4.88,BUS 320,BUS,320,2,1202,40027687,SOBM
sample 501,4.5,RESR 694A,RESR, 694A,1,1201,40049332,DDS
sample 393,3.11,EGC 509,EGC,509,11,1194,40058965,HSABS
sample 173,4.41,MBA 515,MBA,515,4,1183,20106129,SOBM
sample 478,2.81,RESR 619,RESR,619,15,1183,20123348,DDS
sample 212,4.05,ENG 102,ENG,102,19,1194,40033602,HSABS
sample 74,4.63,ERL 413,ERL,413,3,1183,40032003,ASOE
sample 76,4.5,CPC 652,CPC,652,1,1184,20121984,HSABS
sample 425,4.36,IS 201,IS,201,8,1191,40036540,SOBM
sample 32,4.75,MG 360,MG,360,4,1202,40051451,SOBM
sample 64,4.25,EGC 506,EGC,506,4,1191,30106669,HSABS
sample 49,4.81,TESOL 555,TESOL,555,2,1193,820123780,WAL
sample 45,4.13,EGC 634,EGC,634,1,1183,20050043,ASOE
sample 16,4.5,AC 533,AC,533,2,1201,20122317,SOBM
sample 440,3.35,ENT 620,ENT,620,5,1183,11057095,SOBM
sample 484,3.94,EDU 323,EDU,323,20,1191,20123285,ASOE
sample 135,2.46,MBA 540,MBA,540,3,1202,20066248,SOBM
sample 510,4.95,EDU 322,EDU,322,5,1192,820123755,ASOE
sample 415,3.91,LDRD 682,LDRD,682,8,1202,40045614,DDS
sample 146,5,ECC 513,ECC,513,1,1193,40024879,ASOE
sample 347,2.28,INT 301,INT,301,4,1184,20062294,SOBM
sample 515,5,RESR 694C,RESR, 694C,1,1192,40028259,DDS
sample 44,3.5,HL 495,HL,495,1,1183,11062102,SOBM
sample 341,5,EDLD 680,EDLD,680,1,1194,20001313,DDS
sample 85,3.25,BC 301,BC,301,4,1193,20001226,SOBM
sample 264,4.28,DBA 600,DBA,600,5,1193,20122603,SOBM
sample 100,4.09,MBA 545,MBA,545,13,1202,11100748,SOBM
sample 323,4.61,PSY 314,PSY,314,9,1184,11021220,HSABS
sample 31,5,SOC 320,SOC,320,1,1192,20001439,HSABS
sample 278,4,COUN 632,COUN,632,3,1194,20122733,HSABS
sample 442,1.88,RESR 694B,RESR, 694B,1,1201,20122473,DDS
sample 261,4,BSM 405,BSM,405,1,1193,20062314,SOBM
sample 379,4.59,ELP  81,ELP,81,7,1184,40024294,WAL
sample 254,5,PM 401,PM,401,3,1191,20122916,SOBM
sample 243,4.75,PM 502,PM,502,1,1202,20115829,SOBM
sample 471,4.25,CS 570,CS,570,29,1194,40044093,SOBM
sample 57,3.94,MAT 252,MAT,252,4,1202,20123016,ASOE
sample 403,4.46,BC 303,BC,303,3,1194,20062567,SOBM
sample 202,4.42,EEA 608,EEA,608,3,1191,20123571,ASOE
sample 112,4.56,ECC 511,ECC,511,2,1194,40049748,ASOE
sample 105,3.21,BUS 315,BUS,315,3,1192,20001879,SOBM
sample 523,4.78,ENT 300,ENT,300,5,1193,20102560,SOBM
sample 275,4.44,SSC 202,SSC,202,2,1191,20122901,SOBM
sample 342,5,CPC 510,CPC,510,2,1191,11110343,HSABS
sample 286,4.03,SOC 319,SOC,319,8,1192,20122930,HSABS
sample 415,4.75,RESR  99,RESR,99,1,1201,40045614,DDS
sample 16,3.13,ENT 620,ENT,620,1,1191,20122317,SOBM
sample 374,4.57,BSM 414,BSM,414,7,1193,40027687,SOBM
sample 111,3,EDLD 643,EDLD,643,2,1191,11049270,DDS
sample 128,4.34,MBA 501,MBA,501,12,1193,20123539,SOBM
sample 183,4.38,SSC 221,SSC,221,2,1183,11146787,HSABS
sample 27,3.83,ERL 436,ERL,436,6,1193,20122678,ASOE
sample 142,5,CS 497,CS,497,1,1201,20099448,SOBM
sample 263,4.54,CS 519,CS,519,15,1183,20123024,SOBM
sample 212,4.3,SCI 215,SCI,215,8,1202,40033602,HSABS
sample 382,4.69,COUN 511,COUN,511,4,1191,20001026,HSABS
sample 495,5,ECI 650,ECI,650,1,1194,11083669,ASOE
sample 313,4.44,MC 585,MC,585,4,1201,11044071,SOBM
sample 195,3.78,ENG 101,ENG,101,13,1183,20082382,HSABS
sample 386,5,EAD 529,EAD,529,1,1183,20100475,DDS
sample 261,5,BSM 495,BSM,495,1,1192,20062314,SOBM
sample 427,4.64,LDRD 609,LDRD,609,8,1202,20122342,DDS
sample 430,3.67,BUS 402,BUS,402,3,1202,20108092,SOBM
sample 527,5,EEA 670,EEA,670,2,1192,20123128,DDS
sample 131,4.5,PM 506,PM,506,1,1193,11032731,SOBM
sample 1,4.57,EGC 502,EGC,502,7,1183,20117640,ASOE
sample 325,3.94,BSC 401,BSC,401,6,1193,11051501,SOBM
sample 524,4.1,MBA 525,MBA,525,9,1202,11010530,SOBM
sample 313,5,HR 407,HR,407,1,1202,11044071,SOBM
sample 18,4.69,COUN 526,COUN,526,2,1193,20116806,HSABS
sample 552,4.81,EAD 523,EAD,523,2,1184,20122847,DDS
sample 327,4.75,RESR 694B,RESR, 694B,1,1183,820123761,DDS
sample 527,5,EEA 607,EEA,607,3,1184,20123128,ASOE
sample 26,4,HL 410,HL,410,4,1201,20123095,SOBM
sample 74,3.63,ETC 683,ETC,683,2,1191,40032003,ASOE
sample 471,3.52,CS 242,CS,242,8,1202,40044093,SOBM
sample 74,4.5,ETC 693,ETC,693,2,1192,40032003,ASOE
sample 236,3.88,MBA 555,MBA,555,5,1194,40030001,SOBM
sample 338,4.2,BC 306,BC,306,5,1201,11137957,SOBM
sample 224,1.75,MK 403,MK,403,1,1184,20062315,SOBM
sample 394,3.63,EGC 536,EGC,536,3,1193,20106040,ASOE
sample 490,3.38,EGC 607,EGC,607,1,1192,11111636,ASOE
sample 440,3.6,CS 302,CS,302,9,1193,11057095,SOBM
sample 61,4.44,CPC 514,CPC,514,2,1184,20117925,HSABS
sample 451,1,HL 400,HL,400,1,1194,20123525,SOBM
sample 562,4.63,MBA 531,MBA,531,7,1183,20001707,SOBM
sample 384,4.11,EDE 307,EDE,307,8,1191,40044535,ASOE
sample 123,5,RESR 694F,RESR, 694F,1,1194,820123736,DDS
sample 15,4.27,ETC 585,ETC,585,7,1202,20123336,ASOE
sample 435,4.5,BSM 405,BSM,405,1,1194,11118287,SOBM
sample 442,4.02,LDRD 640,LDRD,640,12,1202,20122473,DDS
sample 220,5,RESR 694A,RESR, 694A,1,1202,20001543,DDS
sample 349,5,MBA 555,MBA,555,1,1194,11115281,SOBM
sample 53,4.31,EDU 404A,EDU, 404A,2,1201,30106854,ASOE
sample 352,4.25,BSM 405,BSM,405,1,1193,20116613,SOBM
sample 145,1.5,ENT 300,ENT,300,1,1193,40054285,SOBM
sample 63,3.13,BSC 401,BSC,401,1,1192,11124578,SOBM
sample 439,4.42,ESP 540,ESP,540,1,1202,40050385,ASOE
sample 260,4.97,LDRD 646,LDRD,646,9,1183,20122773,DDS
sample 21,4.63,CPC 556,CPC,556,6,1194,40032029,HSABS
sample 496,3.44,ETC 602,ETC,602,4,1202,11083669,ASOE
sample 212,4.1,ELP  80,ELP,80,5,1191,40033602,WAL
sample 130,4.81,MK 300,MK,300,2,1202,20001069,SOBM
sample 411,3.33,EGC 510,EGC,510,3,1193,20123514,HSABS
sample 480,4.5,CPC 529,CPC,529,5,1202,11110523,HSABS
sample 396,4.53,EEA 509,EEA,509,5,1193,20001429,DDS
sample 328,3.67,PM 501,PM,501,5,1202,20106269,SOBM
sample 150,3.38,RESR 694D,RESR, 694D,1,1191,20071358,DDS
sample 530,3.4,PSY 413,PSY,413,6,1183,40032900,HSABS
sample 442,4.41,LDRD 640,LDRD,640,7,1184,20122473,DDS
sample 51,5,RESR 694C,RESR, 694C,1,1201,22789780,DDS
sample 171,4.83,COUN 652,COUN,652,6,1183,20118332,HSABS
sample 109,4.56,HL 580,HL,580,4,1184,20103830,SOBM
sample 18,4.95,PSY 413,PSY,413,8,1193,20116806,HSABS
sample 159,4.33,MK 527,MK,527,3,1192,11134177,SOBM
sample 317,4.92,EDU 322,EDU,322,6,1202,11104120,ASOE
sample 522,2.38,EGC 542,EGC,542,1,1191,40044886,ASOE
sample 402,4.02,BSM 495,BSM,495,8,1183,20121062,SOBM
sample 191,4.7,MATH 107,MATH,107,16,1194,20063576,HSABS
sample 250,3.56,EAD 523,EAD,523,4,1194,40054610,DDS
sample 109,4.63,HL 580,HL,580,3,1194,20103830,SOBM
sample 257,4.75,BSM 300,BSM,300,5,1191,20093762,SOBM
sample 330,4.03,EDE 403,EDE,403,5,1202,40050372,ASOE
sample 313,4.75,BSM 404,BSM,404,7,1191,11044071,SOBM
sample 456,4.31,CPC 606,CPC,606,4,1191,20001012,HSABS
sample 157,4.54,EGC 505,EGC,505,16,1201,20108212,HSABS
sample 555,4.53,MAL 558,MAL,558,4,1201,20105008,DDS
sample 305,3.94,CPC 655,CPC,655,2,1183,20116607,HSABS
sample 329,4.42,EGC 502,EGC,502,3,1183,20120928,ASOE
sample 431,4.88,CPC 556,CPC,556,3,1194,20123350,HSABS
sample 27,4.02,ERL 438,ERL,438,6,1184,20122678,ASOE
sample 86,4.23,MBA 550,MBA,550,11,1183,20121965,SOBM
sample 474,4.44,EGC 607,EGC,607,2,1192,20123058,ASOE
sample 56,3.95,IS 350,IS,350,7,1194,20110217,SOBM
sample 482,3.56,CPC 512,CPC,512,2,1193,20123246,HSABS
sample 85,3.46,BC 301,BC,301,5,1202,20001226,SOBM
sample 277,4.92,EGC 514,EGC,514,5,1202,20120064,HSABS
sample 289,4.03,ESP 408,ESP,408,8,1193,11068564,ASOE
sample 565,4.67,BC 302,BC,302,5,1193,20122835,SOBM
sample 31,4.32,PSY 411,PSY,411,10,1202,20001439,HSABS
sample 512,3.85,ISEC 540,ISEC,540,6,1183,20107585,SOBM
sample 357,4.19,CS 504,CS,504,24,1202,40068013,SOBM
sample 427,4.5,DBA 605,DBA,605,2,1194,20122342,SOBM
sample 313,4.9,BSM 405,BSM,405,10,1202,11044071,SOBM
sample 147,3.74,CPC 527,CPC,527,10,1202,20001532,HSABS
sample 206,4.81,LDRD 630,LDRD,630,4,1191,11062138,DDS
sample 279,4.81,HR 405,HR,405,2,1192,20062456,SOBM
sample 233,4.84,BC 306,BC,306,4,1183,20062318,SOBM
sample 212,4,ELP  80,ELP,80,3,1201,40033602,WAL
sample 555,4.8,HR 405,HR,405,10,1192,20105008,SOBM
sample 232,4.13,BSC 407,BSC,407,1,1202,20001563,SOBM
sample 447,4.83,BC 301,BC,301,15,1184,22748297,SOBM
sample 128,4.75,MBA 501,MBA,501,4,1184,20123539,SOBM
sample 26,4.92,HL 410,HL,410,6,1191,20123095,SOBM
sample 267,4.56,EDU 383A,EDU, 383A,2,1192,11067247,ASOE
sample 233,5,MC 573,MC,573,1,1192,20062318,SOBM
sample 130,4.56,MK 386,MK,386,2,1192,20001069,SOBM
sample 278,3.94,COUN 502,COUN,502,16,1184,20122733,HSABS
sample 516,4.8,ESP 525,ESP,525,7,1192,20122993,ASOE
sample 467,3.9,MBA 535,MBA,535,6,1192,20122475,SOBM
sample 460,3.94,HR 508,HR,508,4,1191,20122041,SOBM
sample 267,3.75,ERL 438,ERL,438,1,1194,11067247,ASOE
sample 170,3.94,ETC 509,ETC,509,2,1191,20115134,ASOE
sample 11,4.76,CPC 501,CPC,501,18,1202,20001451,HSABS
sample 377,4.83,HST 306,HST,306,5,1202,11002310,HSABS
sample 83,4.17,BSM 414,BSM,414,13,1183,20001205,SOBM
sample 386,4.64,LDRD 613,LDRD,613,13,1184,20100475,DDS
sample 427,3.88,RESR 694B,RESR, 694B,1,1183,20122342,DDS
sample 547,3.53,ETC 519,ETC,519,4,1191,820123786,ASOE
sample 312,3.94,CPC 600,CPC,600,4,1183,11110696,HSABS
sample 401,4.6,CPC 512,CPC,512,5,1183,20105083,HSABS
sample 552,3.88,ETC 692,ETC,692,2,1183,20122847,ASOE
sample 260,4.25,LDRD 650,LDRD,650,1,1192,20122773,DDS
sample 53,4.79,ETC 567,ETC,567,3,1192,30106854,ASOE
sample 28,5,HUM 215,HUM,215,1,1193,20122977,SOBM
sample 383,4.8,MBA 520,MBA,520,19,1184,20123406,SOBM
sample 382,4.38,COUN 527,COUN,527,6,1201,20001026,HSABS
sample 395,5,EDLD 649,EDLD,649,1,1201,20100139,DDS
sample 332,4.88,CPC 600,CPC,600,1,1202,30105958,HSABS
sample 143,4.65,DBA 625,DBA,625,5,1201,20062296,SOBM
sample 461,3.61,CPC 502,CPC,502,13,1202,20116019,HSABS
sample 97,5,BSM 414,BSM,414,2,1201,20122666,SOBM
sample 204,3.88,ISM 520,ISM,520,1,1183,20104991,SOBM
sample 134,4.34,BUS 300,BUS,300,12,1192,20123518,SOBM
sample 464,4.5,BC 302,BC,302,2,1184,20001441,SOBM
sample 200,3.28,EDU 495,EDU,495,11,1194,11072166,ASOE
sample 32,2.94,BSC 402,BSC,402,8,1194,40051451,SOBM
sample 14,3.52,MBA 500,MBA,500,5,1194,20119171,SOBM
sample 146,5,ECC 511,ECC,511,1,1184,40024879,ASOE
sample 403,4.69,BSC 400,BSC,400,2,1202,20062567,SOBM
sample 375,4.36,MBA 540,MBA,540,25,1191,20092414,SOBM
sample 199,4.63,SSC 203,SSC,203,2,1192,40030235,HSABS
sample 178,4.65,COUN 633,COUN,633,6,1194,40054246,HSABS
sample 56,3.9,IS 350,IS,350,11,1202,20110217,SOBM
sample 146,4.94,EEA 650,EEA,650,2,1201,40024879,ASOE
sample 260,5,RESR 603,RESR,603,3,1183,20122773,DDS
sample 62,4.75,ECC 510,ECC,510,4,1192,20123441,ASOE
sample 150,3.67,BUS 426,BUS,426,3,1201,20071358,SOBM
sample 471,4,CS 519,CS,519,16,1201,40044093,SOBM
sample 372,3.38,CPC 520,CPC,520,7,1194,20123061,HSABS
sample 411,5,COUN 574,COUN,574,2,1194,20123514,HSABS
sample 229,3.53,CPC 511,CPC,511,8,1184,20105456,HSABS
sample 470,4.75,MBA 535,MBA,535,2,1183,11135083,SOBM
sample 17,4.83,AC 532,AC,532,3,1184,40024099,SOBM
sample 364,4.83,SCI 303,SCI,303,5,1194,20123137,HSABS
sample 562,5,MATH 138,MATH,138,2,1201,20001707,HSABS
sample 517,5,ECC 516,ECC,516,1,1193,20123293,ASOE
sample 18,5,HSVC 480,HSVC,480,1,1201,20116806,HSABS
sample 271,2.06,MBA 511,MBA,511,2,1201,11041486,SOBM
sample 324,3.67,COUN 529,COUN,529,8,1193,11057522,HSABS
sample 540,4.67,CJ 362,CJ,362,3,1193,40056105,SOBM
sample 375,4.13,HL 340,HL,340,2,1193,20092414,SOBM
sample 440,3.52,IS 330,IS,330,8,1192,11057095,SOBM
sample 460,3.63,HR 510,HR,510,4,1183,20122041,SOBM
sample 61,5,CPC 529,CPC,529,5,1183,20117925,HSABS
sample 302,5,EGC 510,EGC,510,4,1193,40047642,HSABS
sample 310,4.5,LDRD 639,LDRD,639,2,1192,20051018,DDS
sample 170,3.94,ETC 519,ETC,519,4,1192,20115134,ASOE
sample 147,5,CPC 653,CPC,653,1,1194,20001532,HSABS
sample 123,4.5,RESR 694D,RESR, 694D,2,1191,820123736,DDS
sample 35,4.75,FIN 541,FIN,541,4,1191,20122680,SOBM
sample 63,3.88,BSC 401,BSC,401,1,1184,11124578,SOBM
sample 445,4.54,ENG 102,ENG,102,14,1184,20122605,HSABS
sample 413,4.5,CPC 513,CPC,513,2,1201,20001530,HSABS
sample 76,4,CPC 603,CPC,603,1,1193,20121984,HSABS
sample 236,4.96,MAL 558,MAL,558,3,1184,40030001,DDS
sample 241,3.77,BC 306,BC,306,10,1184,40028662,SOBM
sample 266,4.38,MBA 501,MBA,501,3,1184,11142314,SOBM
sample 202,4.88,EEA 527,EEA,527,3,1202,20123571,DDS
sample 26,4.38,HL 440,HL,440,3,1194,20123095,SOBM
sample 313,4.66,MBA 500,MBA,500,24,1192,11044071,SOBM
sample 136,4.67,LDRD 648,LDRD,648,3,1183,20122160,DDS
sample 155,4.42,PSY 421,PSY,421,16,1194,20123078,HSABS
sample 2,1.44,CPC 695,CPC,695,2,1193,20122586,HSABS
sample 331,4.96,CPC 651,CPC,651,3,1192,40025399,HSABS
sample 330,3,ESP 373,ESP,373,6,1201,40050372,ASOE
sample 465,4.79,CPC 511,CPC,511,3,1194,30106714,HSABS
sample 61,3.73,CPC 514,CPC,514,7,1202,20117925,HSABS
sample 251,4,CJ 340,CJ,340,4,1183,20122525,HSABS
sample 496,5,ECI 630,ECI,630,1,1202,11083669,ASOE
sample 517,5,EEA 545,EEA,545,1,1194,20123293,ASOE
sample 528,5,IS 330,IS,330,1,1184,20123450,SOBM
sample 382,5,HSVC 481,HSVC,481,2,1192,20001026,HSABS
sample 461,1.75,CPC 696,CPC,696,1,1202,20116019,HSABS
sample 313,4.92,BSC 400,BSC,400,3,1192,11044071,SOBM
sample 420,4.21,MBA 550,MBA,550,3,1202,20097590,SOBM
sample 317,3.63,ETC 670,ETC,670,4,1201,11104120,ASOE
sample 403,5,BSC 400,BSC,400,2,1183,20062567,SOBM
sample 270,2.94,PM 404,PM,404,2,1192,20119152,SOBM
sample 442,5,EAD 611,EAD,611,1,1191,20122473,DDS
sample 97,4.67,MBA 501,MBA,501,15,1184,20122666,SOBM
sample 257,4.54,ENG 101,ENG,101,6,1201,20093762,HSABS
sample 277,4.31,EGC 514,EGC,514,15,1192,20120064,HSABS
sample 315,4,BC 302,BC,302,1,1193,20001886,SOBM
sample 97,4.5,MC 573,MC,573,2,1193,20122666,SOBM
sample 60,1.81,CPC 514,CPC,514,2,1183,20122594,HSABS
sample 97,4.25,MBA 545,MBA,545,6,1194,20122666,SOBM
sample 400,5,RESR 694C,RESR, 694C,1,1201,40050749,DDS
sample 16,4.44,AC 502,AC,502,2,1202,20122317,SOBM
sample 287,4.69,ETC 501,ETC,501,18,1191,20104906,ASOE
sample 518,4.63,MAL 538,MAL,538,9,1202,20110116,DDS
sample 58,4,ISEC 515,ISEC,515,1,1202,40036163,SOBM
sample 345,5,ECC 511,ECC,511,1,1194,20122165,ASOE
sample 97,4.46,NAS 331,NAS,331,7,1202,20122666,SOBM
sample 118,4.14,PM 401,PM,401,15,1183,20105428,SOBM
sample 411,5,COUN 525,COUN,525,1,1202,20123514,HSABS
sample 111,5,EDLD 659,EDLD,659,1,1194,11049270,DDS
sample 445,5,ENG 101,ENG,101,2,1194,20122605,HSABS
sample 455,5,TESOL 580,TESOL,580,1,1192,820123776,WAL
sample 75,2.88,EGC 607,EGC,607,1,1194,40035448,ASOE
sample 212,4.81,GS 295,GS,295,4,1192,40033602,HSABS
sample 191,5,MATH 151,MATH,151,2,1194,20063576,HSABS
sample 477,4.36,ISEC 510,ISEC,510,12,1183,20121937,SOBM
sample 157,4.19,EGC 515,EGC,515,16,1184,20108212,ASOE
sample 206,4.63,LDRD 613,LDRD,613,1,1201,11062138,DDS
sample 61,4.31,CPC 529,CPC,529,4,1193,20117925,HSABS
sample 492,4.83,IS 201,IS,201,2,1202,20123066,SOBM
sample 382,4.68,COUN 632,COUN,632,7,1184,20001026,HSABS
sample 264,4.25,DBA 670,DBA,670,1,1191,20122603,SOBM
sample 260,4,LDRD 600,LDRD,600,5,1183,20122773,DDS
sample 313,4.5,HR 405,HR,405,16,1184,11044071,SOBM
sample 40,4.94,MBA 606,MBA,606,2,1193,20122162,SOBM
sample 130,4.22,MK 300,MK,300,4,1193,20001069,SOBM
sample 341,3,EDLD 684,EDLD,684,2,1192,20001313,DDS
sample 329,4.28,EGC 515,EGC,515,4,1184,20120928,ASOE
sample 18,5,COUN 632,COUN,632,3,1193,20116806,HSABS
sample 310,3.63,BUS 426,BUS,426,1,1193,20051018,SOBM
sample 267,4.5,EDU 320A,EDU, 320A,1,1192,11067247,ASOE
sample 157,4.66,EGC 508,EGC,508,8,1192,20108212,HSABS
sample 116,4.54,ENG 102,ENG,102,14,1184,20118812,HSABS
sample 11,3.63,CPC 652,CPC,652,1,1183,20001451,HSABS
sample 527,4.39,EEA 605,EEA,605,9,1202,20123128,DDS
sample 76,4,ECC 509,ECC,509,1,1183,20121984,ASOE
sample 185,5,HL 660,HL,660,1,1193,20123532,SOBM
sample 22,4.38,MAL 560,MAL,560,2,1192,20112525,DDS
sample 387,3.5,EGC 607,EGC,607,2,1192,20098199,ASOE
sample 176,4.26,COUN 510,COUN,510,10,1183,20111740,HSABS
sample 12,4,MC 573,MC,573,1,1193,20104888,SOBM
sample 344,2.5,IS 430,IS,430,2,1194,11019390,SOBM
sample 131,4.42,PM 444,PM,444,6,1202,11032731,SOBM
sample 8,4.55,ESP 528,ESP,528,8,1194,40045822,ASOE
sample 461,4.2,CPC 527,CPC,527,8,1184,20116019,HSABS
sample 276,4.14,BSM 405,BSM,405,7,1193,20123185,SOBM
sample 186,4.75,CPC 654,CPC,654,4,1202,20091234,HSABS
sample 58,3.63,ISEC 665,ISEC,665,1,1194,40036163,SOBM
sample 195,4.86,SCI 303,SCI,303,10,1192,20082382,HSABS
sample 555,4.55,MAL 530,MAL,530,16,1183,20105008,DDS
sample 95,4.18,PM 508,PM,508,7,1183,11145630,SOBM
sample 210,5,LDRD 668,LDRD,668,1,1184,22653782,DDS
sample 507,4.83,BSM 414,BSM,414,5,1183,20074336,SOBM
sample 43,4,MBA 515,MBA,515,1,1183,20123229,SOBM
sample 264,4.92,MBA 515,MBA,515,10,1194,20122603,SOBM
sample 276,4.04,MBA 550,MBA,550,9,1201,20123185,SOBM
sample 322,4.79,ETC 595,ETC,595,3,1191,20062629,ASOE
sample 261,3.53,BSM 495,BSM,495,8,1183,20062314,SOBM
sample 545,4.34,ITMGMT 510,ITMGMT,510,7,1192,20111834,SOBM
sample 435,4.58,INT 302,INT,302,3,1183,11118287,SOBM
sample 388,5,HL 660,HL,660,3,1202,20369611,SOBM
sample 56,4.63,IS 330,IS,330,3,1183,20110217,SOBM
sample 204,3.9,ITMGMT 575,ITMGMT,575,9,1191,20104991,SOBM
sample 150,4.5,BUS 420,BUS,420,2,1194,20071358,SOBM
sample 85,2.13,MC 573,MC,573,4,1184,20001226,SOBM
sample 103,5,CPC 653,CPC,653,1,1194,20122164,HSABS
sample 511,4.38,CPC 606,CPC,606,11,1191,11112386,HSABS
sample 386,5,RESR 694E,RESR, 694E,1,1193,20100475,DDS
sample 454,4.39,CS 497,CS,497,13,1191,20001236,SOBM
sample 209,5,TESOL 530,TESOL,530,1,1193,20122649,WAL
sample 451,4.5,HL 530,HL,530,3,1183,20123525,SOBM
sample 32,2.92,FIN 541,FIN,541,5,1201,40051451,SOBM
sample 418,3.59,CS 481,CS,481,4,1184,20117965,SOBM
sample 189,4.14,BSM 304,BSM,304,10,1184,20086960,SOBM
sample 16,4.63,AC 301,AC,301,2,1202,20122317,SOBM
sample 442,4.63,LDRD 644,LDRD,644,5,1201,20122473,DDS
sample 228,4.54,CPC 604,CPC,604,7,1202,20001885,HSABS
sample 179,3.35,MATH 107,MATH,107,5,1192,20123391,HSABS
sample 478,4,RESR  99,RESR,99,1,1184,20123348,DDS
sample 36,5,RESR 694F,RESR, 694F,1,1184,20001874,DDS
sample 267,4.25,EDU 321,EDU,321,5,1191,11067247,ASOE
sample 518,4.42,HR 510,HR,510,5,1191,20110116,SOBM
sample 260,5,MAL 563,MAL,563,1,1201,20122773,DDS
sample 316,3.73,PM 540,PM,540,8,1184,20118485,SOBM
sample 29,3.98,PM 502,PM,502,6,1191,20122222,SOBM
sample 386,4.72,MAL 532,MAL,532,12,1183,20100475,DDS
sample 328,3.42,PM 508,PM,508,3,1202,20106269,SOBM
sample 341,5,EDLD 680,EDLD,680,1,1184,20001313,ASOE
sample 407,3.53,CS 180,CS,180,4,1201,40059303,SOBM
sample 270,3.23,MBA 515,MBA,515,6,1202,20119152,SOBM
sample 386,5,RESR 617,RESR,617,2,1191,20100475,DDS
sample 191,4.86,MATH 107,MATH,107,14,1183,20063576,HSABS
sample 383,4.35,BC 302,BC,302,13,1192,20123406,SOBM
sample 300,4.44,CPC 654,CPC,654,2,1202,40043638,HSABS
sample 276,4.58,IS 345,IS,345,10,1192,20123185,SOBM
sample 7,4.13,FIN 542,FIN,542,3,1184,20116422,SOBM
sample 466,5,CPC 522,CPC,522,1,1202,20123574,HSABS
sample 195,5,SCI 306,SCI,306,5,1191,20082382,HSABS
sample 395,2.44,EEA 525,EEA,525,2,1191,20100139,DDS
sample 78,3,EDU 337,EDU,337,1,1184,20122706,ASOE
sample 83,5,BC 306,BC,306,1,1184,20001205,SOBM
sample 558,4.83,MBA 550,MBA,550,6,1194,20001054,SOBM
sample 369,4.59,MBA 515,MBA,515,4,1184,11125579,SOBM
sample 278,4.47,COUN 527,COUN,527,9,1201,20122733,HSABS
sample 307,4.5,PM 401,PM,401,3,1202,20122524,SOBM
sample 318,4,RESR 694A,RESR, 694A,1,1194,11095956,DDS
sample 377,4.88,HST 306,HST,306,1,1193,11002310,HSABS
sample 36,4.4,CPC 527,CPC,527,12,1202,20001874,HSABS
sample 281,4.53,ETC 553,ETC,553,10,1191,40040687,ASOE
sample 71,4.75,ECC 515,ECC,515,1,1194,20123575,ASOE
sample 334,4.78,EAD 529,EAD,529,5,1202,20123451,DDS
sample 324,3.9,COUN 529,COUN,529,9,1183,11057522,HSABS
sample 78,3.06,HST 306,HST,306,2,1183,20122706,HSABS
sample 212,4.57,ENG 102,ENG,102,9,1192,40033602,HSABS
sample 433,4.42,MBA 535,MBA,535,3,1184,11117392,SOBM
sample 461,3.88,CPC 606,CPC,606,4,1191,20116019,HSABS
sample 84,3.19,ECC 516,ECC,516,2,1192,40044795,ASOE
sample 426,4.25,IS 450,IS,450,2,1193,40037086,SOBM
sample 508,4.49,ELP  81,ELP,81,9,1192,20001488,WAL
sample 545,3.97,BSM 411,BSM,411,8,1191,20111834,SOBM
sample 278,4.14,COUN 502,COUN,502,7,1194,20122733,HSABS
sample 424,5,RESR  99,RESR,99,1,1201,40050307,DDS
sample 302,4.52,EGC 508,EGC,508,8,1202,40047642,HSABS
sample 311,4.15,COUN 503,COUN,503,5,1202,40044015,HSABS
sample 109,4.46,HL 310,HL,310,3,1202,20103830,SOBM
sample 251,4.96,CJ 340,CJ,340,3,1184,20122525,HSABS
sample 542,5,MC 599,MC,599,1,1191,20001611,SOBM
sample 426,4.75,ISEC 605,ISEC,605,3,1194,40037086,SOBM
sample 430,4.34,BSC 407,BSC,407,4,1193,20108092,SOBM
sample 353,4.51,EEA 521,EEA,521,11,1192,11063511,DDS
sample 415,4.86,RESR 603,RESR,603,8,1193,40045614,DDS
sample 383,4.33,MBA 555,MBA,555,6,1202,20123406,SOBM
sample 426,4.5,IS 330,IS,330,5,1184,40037086,SOBM
sample 383,3.91,DBA 615,DBA,615,4,1193,20123406,SOBM
sample 212,4.29,ELP  80,ELP,80,6,1193,40033602,WAL
sample 298,4.2,COUN 525,COUN,525,5,1202,40069287,HSABS
sample 260,5,MAL 563,MAL,563,1,1184,20122773,DDS
sample 487,3.42,IS 306,IS,306,12,1194,11141924,SOBM
sample 347,4.92,MBA 546,MBA,546,3,1183,20062294,SOBM
sample 287,4.63,ESL 551,ESL,551,1,1201,20104906,ASOE
sample 97,4.69,ENT 300,ENT,300,14,1184,20122666,SOBM
sample 18,5,COUN 605,COUN,605,2,1201,20116806,HSABS
sample 271,4.04,BSM 495,BSM,495,5,1202,11041486,SOBM
sample 91,4.19,ENG 101,ENG,101,4,1201,20122400,HSABS
sample 269,4.02,MBA 511,MBA,511,22,1193,20001114,SOBM
sample 325,5,BSC 401,BSC,401,1,1194,11051501,SOBM
sample 442,4.63,LDRD 615,LDRD,615,1,1194,20122473,DDS
sample 341,3.29,EDLD 641,EDLD,641,3,1192,20001313,DDS
sample 346,3.56,MK 388,MK,388,2,1202,20112406,SOBM
sample 284,5,MG 360,MG,360,4,1184,11090976,SOBM
sample 269,3.5,BSC 403,BSC,403,1,1201,20001114,SOBM
sample 435,4.75,INT 302,INT,302,1,1184,11118287,SOBM
sample 16,4.59,AC 303,AC,303,4,1184,20122317,SOBM
sample 509,4.22,ETC 553,ETC,553,18,1201,11146282,ASOE
sample 325,4.13,BUS 315,BUS,315,2,1194,11051501,SOBM
sample 382,4.69,PSY 314,PSY,314,18,1194,20001026,HSABS
sample 53,3.5,ERL 410,ERL,410,1,1191,30106854,ASOE
sample 405,4.59,EDU 320A,EDU, 320A,4,1201,40058133,ASOE
sample 228,4.53,CPC 512,CPC,512,5,1183,20001885,HSABS
sample 150,3.71,PM 514,PM,514,6,1192,20071358,SOBM
sample 118,4.33,PM 401,PM,401,14,1201,20105428,SOBM
sample 83,4.66,BC 306,BC,306,7,1194,20001205,SOBM
sample 177,4.96,BSC 407,BSC,407,3,1194,11119471,SOBM
sample 60,1.38,CPC 695,CPC,695,1,1183,20122594,HSABS
sample 312,3.15,CPC 524,CPC,524,5,1184,11110696,HSABS
sample 518,3.75,HR 508,HR,508,4,1194,20110116,SOBM
sample 233,5,BSC 403,BSC,403,1,1183,20062318,SOBM
sample 235,4.13,ECC 515,ECC,515,1,1192,11110853,ASOE
sample 464,4.28,BC 306,BC,306,13,1183,20001441,SOBM
sample 344,3.67,CS 151,CS,151,6,1191,11019390,SOBM
sample 454,4.76,ITMGMT 510,ITMGMT,510,21,1192,20001236,SOBM
sample 553,4,CS 519,CS,519,16,1201,40050853,SOBM
sample 261,3.94,INT 302,INT,302,2,1192,20062314,SOBM
sample 179,2.69,MBA 531,MBA,531,8,1191,20123391,SOBM
sample 16,5,AC 530,AC,530,1,1194,20122317,SOBM
sample 16,4.38,AC 303,AC,303,4,1194,20122317,SOBM
sample 113,5,CPC 610,CPC,610,1,1191,20121982,HSABS
sample 254,4.25,PM 508,PM,508,5,1193,20122916,SOBM
sample 546,4,CPC 654,CPC,654,2,1183,20088475,HSABS
sample 150,3.79,PM 630,PM,630,3,1202,20071358,SOBM
sample 254,4.66,PM 511,PM,511,7,1184,20122916,SOBM
sample 443,1,BSC 407,BSC,407,1,1191,40039764,SOBM
sample 419,4.28,BSM 495,BSM,495,15,1193,20122504,SOBM
sample 386,4.81,RESR 617,RESR,617,6,1193,20100475,DDS
sample 379,3.73,ELP  81,ELP,81,5,1191,40024294,WAL
sample 135,4.5,BSC 402,BSC,402,1,1192,20066248,SOBM
sample 261,4.88,BSC 402,BSC,402,1,1183,20062314,SOBM
sample 112,4,CPC 514,CPC,514,1,1201,40049748,HSABS
sample 317,2.79,EDE 433,EDE,433,3,1191,11104120,ASOE
sample 254,4.58,PM 511,PM,511,3,1194,20122916,SOBM
sample 527,4.22,EEA 537,EEA,537,18,1191,20123128,DDS
sample 145,3.54,MBA 501,MBA,501,12,1194,40054285,SOBM
sample 305,5,CPC 655,CPC,655,1,1193,20116607,HSABS
sample 395,4.5,EDLD 649,EDLD,649,5,1191,20100139,DDS
sample 448,4.63,MAL 535,MAL,535,7,1183,20088660,DDS
sample 483,3.23,COUN 651,COUN,651,5,1192,40050398,HSABS
sample 143,4.75,RESR  99,RESR,99,1,1202,20062296,DDS
sample 143,1,BC 301,BC,301,1,1192,20062296,SOBM
sample 269,4.34,MBA 511,MBA,511,17,1194,20001114,SOBM
sample 32,2.55,FIN 542,FIN,542,10,1194,40051451,SOBM
sample 487,3.92,IS 306,IS,306,10,1192,11141924,SOBM
sample 18,5,HSVC 481,HSVC,481,1,1201,20116806,HSABS
sample 77,4.06,BC 301,BC,301,27,1184,20085895,SOBM
sample 464,4.67,MBA  11,MBA,11,5,1184,20001441,SOBM
sample 269,4.33,MBA 511,MBA,511,23,1183,20001114,SOBM
sample 144,2.78,EGC 536,EGC,536,4,1183,40032016,ASOE
sample 78,4.2,EGC 526,EGC,526,5,1184,20122706,ASOE
sample 511,3.75,CPC 527,CPC,527,4,1184,11112386,HSABS
sample 442,4.88,MAL 510,MAL,510,2,1194,20122473,DDS
sample 510,5,COM 419,COM,419,0,1202,820123755,HSABS
sample 444,4.25,TESOL 525,TESOL,525,1,1193,820123781,WAL
sample 287,4,ERL 414,ERL,414,1,1202,20104906,ASOE
sample 18,4.56,COUN 520,COUN,520,2,1194,20116806,HSABS
sample 95,3.21,PM 506,PM,506,6,1192,11145630,SOBM
sample 191,4.81,PSY 415,PSY,415,4,1193,20063576,HSABS
sample 310,4.54,MAL 510,MAL,510,7,1192,20051018,DDS
sample 251,2.63,SSC 202,SSC,202,1,1193,20122525,SOBM
sample 25,2.38,PM 401,PM,401,1,1194,20100283,SOBM
sample 466,4.48,CPC 522,CPC,522,13,1194,20123574,HSABS
sample 150,3.73,PM 513,PM,513,6,1183,20071358,SOBM
sample 527,5,EEA 516,EEA,516,2,1184,20123128,ASOE
sample 313,4.8,HR 405,HR,405,8,1194,11044071,SOBM
sample 410,3,EGC 640,EGC,640,1,1201,40053284,ASOE
sample 289,5,ESP 465,ESP,465,1,1202,11068564,ASOE
sample 68,5,RESR 694C,RESR, 694C,1,1192,40028298,DDS
sample 109,4.38,HL 514,HL,514,2,1191,20103830,SOBM
sample 118,3.86,PM 401,PM,401,19,1191,20105428,SOBM
sample 155,5,HSVC 350,HSVC,350,1,1193,20123078,HSABS
sample 129,3.63,RESR 694D,RESR, 694D,1,1191,20001044,DDS
sample 386,5,EAD 507,EAD,507,1,1191,20100475,DDS
sample 244,3.67,CPC 502,CPC,502,12,1202,40075150,HSABS
sample 374,4.56,PM 512,PM,512,2,1202,40027687,SOBM
sample 511,3.05,CPC 513,CPC,513,5,1184,11112386,HSABS
sample 249,4.69,MBA 540,MBA,540,2,1183,20122973,SOBM
sample 111,5,EDLD 643,EDLD,643,1,1193,11049270,DDS
sample 515,5,RESR 694B,RESR, 694B,1,1202,40028259,DDS
sample 421,4.25,CPC 654,CPC,654,2,1202,20001353,HSABS
sample 549,4.58,EGC 510,EGC,510,9,1193,30100110,HSABS
sample 313,3.92,MBA 545,MBA,545,7,1202,11044071,SOBM
sample 130,4.68,MK 300,MK,300,7,1201,20001069,SOBM
sample 499,4.19,HSVC 410,HSVC,410,2,1201,20122827,HSABS
sample 11,3.63,CPC 523,CPC,523,8,1191,20001451,HSABS
sample 431,4.46,CPC 556,CPC,556,3,1184,20123350,HSABS
sample 240,4.75,ECC 509,ECC,509,2,1192,40050606,ASOE
sample 195,4.83,ENG 102,ENG,102,5,1192,20082382,HSABS
sample 509,4.22,EDU 308,EDU,308,33,1201,11146282,ASOE
sample 179,4.05,MBA 531,MBA,531,11,1192,20123391,SOBM
sample 382,4.63,HSVC 486,HSVC,486,1,1192,20001026,HSABS
sample 360,3.67,AC 215,AC,215,3,1202,11117402,SOBM
sample 466,4.66,CPC 522,CPC,522,4,1192,20123574,HSABS
sample 18,5,COUN 609,COUN,609,2,1201,20116806,HSABS
sample 28,4.79,HUM 215,HUM,215,3,1191,20122977,SOBM
sample 109,3.25,HL 340,HL,340,1,1184,20103830,SOBM
sample 415,5,RESR 694A,RESR, 694A,1,1202,40045614,DDS
sample 282,4.97,EGC 505,EGC,505,4,1191,11062361,HSABS
sample 264,1,BSC 407,BSC,407,1,1191,20122603,SOBM
sample 537,4.33,CJ 333,CJ,333,3,1192,11137526,SOBM
sample 283,4.09,EGC 506,EGC,506,7,1191,20001169,HSABS
sample 206,4.68,ML 521,ML,521,9,1194,11062138,DDS
sample 356,2.25,CPC 655,CPC,655,2,1183,20123314,HSABS
sample 68,3.5,RESR 694E,RESR, 694E,1,1194,40028298,DDS
sample 224,2.63,MK 390,MK,390,2,1183,20062315,SOBM
sample 271,4.31,BSM 495,BSM,495,8,1194,11041486,SOBM
sample 468,4.88,EEA 535,EEA,535,1,1183,40024918,ASOE
sample 290,5,MK 300,MK,300,1,1193,20117737,SOBM
sample 359,4.13,EC 400,EC,400,1,1184,11119491,SOBM
sample 346,4.25,MBA 525,MBA,525,3,1183,20112406,SOBM
sample 402,4.01,BSM 495,BSM,495,9,1202,20121062,SOBM
sample 411,4.58,COUN 520,COUN,520,5,1194,20123514,HSABS
sample 102,3.98,PM 408,PM,408,7,1183,20111751,SOBM
sample 565,4.56,BC 302,BC,302,6,1184,20122835,SOBM
sample 489,4.75,RESR  99,RESR,99,4,1201,40029585,DDS
sample 425,5,ISEC 530,ISEC,530,1,1201,40036540,SOBM
sample 385,4.3,ECC 513,ECC,513,10,1184,40035539,ASOE
sample 261,5,MBA 555,MBA,555,1,1193,20062314,SOBM
sample 501,5,RESR 694A,RESR, 694A,1,1194,40049332,DDS
sample 313,4.71,MBA 500,MBA,500,20,1184,11044071,SOBM
sample 58,4.72,ISEC 550,ISEC,550,5,1191,40036163,SOBM
sample 109,5,BSM 499,BSM,499,1,1201,20103830,SOBM
sample 36,4.19,CPC 511,CPC,511,13,1201,20001874,HSABS
sample 541,4.54,EEA 520,EEA,520,35,1192,20093352,DDS
sample 461,3.97,CPC 556,CPC,556,8,1184,20116019,HSABS
sample 366,4.29,EAD 505,EAD,505,7,1184,20001090,DDS
sample 309,4.15,MK 528,MK,528,6,1194,11044483,SOBM
sample 62,4.42,EEA 534,EEA,534,3,1183,20123441,ASOE
sample 523,1,MC 585,MC,585,1,1191,20102560,SOBM
sample 318,4.53,BSM 414,BSM,414,8,1201,11095956,SOBM
sample 228,5,EGC 530,EGC,530,1,1193,20001885,ASOE
sample 196,3.92,EGC 533,EGC,533,3,1193,40052569,ASOE
sample 261,3.88,MBA 500,MBA,500,2,1192,20062314,SOBM
sample 411,4.42,EGC 502,EGC,502,3,1183,20123514,ASOE
sample 442,5,RESR 694F,RESR, 694F,1,1193,20122473,DDS
sample 122,3.18,EGC 509,EGC,509,7,1194,30114496,HSABS
sample 246,4.42,ETC 509,ETC,509,8,1191,30101165,ASOE
sample 495,4.19,ESL 431,ESL,431,2,1183,11083669,ASOE
sample 251,4.88,CJ 340,CJ,340,2,1194,20122525,SOBM
sample 508,3.67,ELP  85,ELP,85,3,1202,20001488,WAL
sample 382,4.5,COUN 512,COUN,512,2,1191,20001026,HSABS
sample 64,3.64,EGC 502,EGC,502,8,1183,30106669,ASOE
sample 436,4.33,AC 215,AC,215,3,1201,11143027,SOBM
sample 260,5,MAL 566,MAL,566,1,1202,20122773,DDS
sample 488,3.1,CPC 526,CPC,526,5,1183,20051566,HSABS
sample 228,5,ECC 516,ECC,516,1,1202,20001885,ASOE
sample 516,5,ESP 525,ESP,525,1,1193,20122993,ASOE
sample 212,4.79,HUM 220,HUM,220,3,1202,40033602,HSABS
sample 375,4.5,MBA 535,MBA,535,16,1184,20092414,SOBM
sample 425,4,IS 345,IS,345,1,1193,40036540,SOBM
sample 116,4.59,ENG 102,ENG,102,8,1193,20118812,HSABS
sample 422,4.91,EDU 320A,EDU, 320A,4,1201,5989645,ASOE
sample 220,5,RESR 694E,RESR, 694E,1,1201,20001543,DDS
sample 395,4.21,EDLD 656,EDLD,656,10,1184,20100139,ASOE
sample 18,4,HSVC 365,HSVC,365,4,1184,20116806,HSABS
sample 113,4.72,CPC 527,CPC,527,5,1202,20121982,HSABS
sample 305,4.46,CPC 523,CPC,523,10,1183,20116607,HSABS
sample 383,4.61,MBA 520,MBA,520,7,1194,20123406,SOBM
sample 322,4.28,EDU 404A,EDU, 404A,8,1183,20062629,ASOE
sample 482,4.11,CPC 513,CPC,513,7,1191,20123246,HSABS
sample 35,4.88,FIN 541,FIN,541,1,1183,20122680,SOBM
sample 150,3.21,PM 506,PM,506,6,1192,20071358,SOBM
sample 442,4.25,LDRD 640,LDRD,640,10,1194,20122473,DDS
sample 130,4.65,MK 300,MK,300,5,1183,20001069,SOBM
sample 527,3,EDLD 643,EDLD,643,2,1191,20123128,DDS
sample 450,3.32,ETC 519,ETC,519,9,1191,20123537,ASOE
sample 406,4.63,HL 410,HL,410,1,1183,20122557,SOBM
sample 442,4.26,RESR 603,RESR,603,10,1191,20122473,DDS
sample 291,4.58,PM 501,PM,501,3,1183,11068374,SOBM
sample 131,4.67,PM 511,PM,511,6,1191,11032731,SOBM
sample 360,3.81,MTH 110,MTH,110,2,1202,11117402,HSABS
sample 489,3.5,RESR 694C,RESR, 694C,1,1192,40029585,DDS
sample 511,4.06,CPC 610,CPC,610,2,1193,11112386,HSABS
sample 76,4.4,CPC 501,CPC,501,24,1192,20121984,HSABS
sample 454,4.72,IS 312,IS,312,4,1184,20001236,SOBM
sample 313,4.92,MBA 500,MBA,500,15,1183,11044071,SOBM
sample 510,4.67,ENG 102,ENG,102,14,1202,820123755,HSABS
sample 359,5,IS 330,IS,330,2,1184,11119491,SOBM
sample 133,4.46,MBA 501,MBA,501,3,1184,11031033,SOBM
sample 313,4.88,MAL 558,MAL,558,7,1183,11044071,DDS
sample 328,3.99,PM 401,PM,401,10,1191,20106269,SOBM
sample 109,3.2,HL 543,HL,543,5,1193,20103830,SOBM
sample 85,3.27,MC 573,MC,573,7,1191,20001226,SOBM
sample 454,4.42,CS 570,CS,570,21,1194,20001236,SOBM
sample 269,4.03,MBA 511,MBA,511,3,1202,20001114,SOBM
sample 301,4.88,EEA 509,EEA,509,3,1191,40012334,DDS
sample 374,4.5,MBA 515,MBA,515,4,1201,40027687,SOBM
sample 313,4.23,MC 573,MC,573,6,1183,11044071,SOBM
sample 131,4.81,PM 511,PM,511,2,1201,11032731,SOBM
sample 508,4,ELP  85,ELP,85,4,1191,20001488,WAL
sample 403,5,BSC 400,BSC,400,1,1201,20062567,SOBM
sample 518,4.89,MBA 545,MBA,545,10,1183,20110116,SOBM
sample 382,3.58,COUN 633,COUN,633,3,1184,20001026,HSABS
sample 442,4.67,RESR 602,RESR,602,8,1191,20122473,DDS
sample 74,4.38,ETC 693,ETC,693,2,1193,40032003,ASOE
sample 124,3.5,CPC 654,CPC,654,1,1202,20123306,HSABS
sample 356,4.79,CPC 654,CPC,654,3,1192,20123314,HSABS
sample 212,4.21,ELP  80,ELP,80,6,1183,40033602,WAL
sample 85,4.33,MBA 501,MBA,501,5,1201,20001226,SOBM
sample 315,3.19,COM 452,COM,452,2,1191,20001886,HSABS
sample 206,4.71,MAL 592,MAL,592,9,1183,11062138,DDS
sample 233,4.72,BC 306,BC,306,5,1192,20062318,SOBM
sample 142,3.5,CS 652,CS,652,1,1183,20099448,SOBM
sample 455,4.83,TESOL 555,TESOL,555,3,1191,820123776,WAL
sample 441,3.92,BSC 407,BSC,407,5,1194,30114282,SOBM
sample 259,4.5,MBA  11,MBA,11,4,1193,20001787,SOBM
sample 524,3.86,MG 495,MG,495,8,1194,11010530,SOBM
sample 527,3.29,EDLD 641,EDLD,641,3,1192,20123128,DDS
sample 493,1,CS 687,CS,687,2,1194,40056638,SOBM
sample 177,2.56,MBA 545,MBA,545,2,1194,11119471,SOBM
sample 411,4,EGC 514,EGC,514,3,1192,20123514,HSABS
sample 105,4.56,ISEC 605,ISEC,605,4,1184,20001879,SOBM
sample 464,4.69,BC 306,BC,306,10,1191,20001441,SOBM
sample 516,5,ESP419,ESP,419,1,1202,20122993,ASOE
sample 511,4.81,CPC 606,CPC,606,9,1201,11112386,HSABS
sample 305,4.09,CPC 523,CPC,523,16,1193,20116607,HSABS
sample 427,5,RESR 694C,RESR, 694C,1,1194,20122342,DDS
sample 18,5,HSVC 480,HSVC,480,1,1193,20116806,HSABS
sample 462,5,EGC 545,EGC,545,1,1201,20001829,ASOE
sample 408,3.98,EGC 620,EGC,620,10,1192,11069213,HSABS
sample 72,4.02,EEA 537,EEA,537,8,1194,40037775,DDS
sample 19,4.52,SCI 306,SCI,306,10,1202,20121988,HSABS
sample 535,4.13,MK 300,MK,300,1,1184,20123448,SOBM
sample 400,3.75,RESR 694A,RESR, 694A,1,1194,40050749,DDS
sample 254,4.48,PM 507,PM,507,18,1183,20122916,SOBM
sample 271,4.17,BSM 495,BSM,495,15,1184,11041486,SOBM
sample 445,5,BUS 310,BUS,310,1,1193,20122605,SOBM
sample 409,5,ETC 514,ETC,514,4,1194,20110000,ASOE
sample 14,4.11,MBA 500,MBA,500,8,1191,20119171,SOBM
sample 386,5,RESR 694B,RESR, 694B,1,1191,20100475,DDS
sample 381,3.34,CPC 514,CPC,514,7,1193,20122585,HSABS
sample 401,3.85,CPC 512,CPC,512,5,1193,20105083,HSABS
sample 17,4.67,AC 531,AC,531,3,1201,40024099,SOBM
sample 157,4.06,EGC 510,EGC,510,9,1183,20108212,ASOE
sample 371,1.56,ISEC 560,ISEC,560,9,1184,40037021,SOBM
sample 435,4.88,SSC 221,SSC,221,2,1193,11118287,HSABS
sample 264,5,DBA 670,DBA,670,2,1192,20122603,SOBM
sample 437,5,IS 345,IS,345,1,1201,20118051,SOBM
sample 362,2.69,SOC 305,SOC,305,2,1202,11029738,HSABS
sample 35,4.78,MG 360,MG,360,4,1183,20122680,SOBM
sample 34,4.73,ETC 585,ETC,585,7,1191,11140851,ASOE
sample 518,4.22,MBA 545,MBA,545,12,1184,20110116,SOBM
sample 400,5,RESR 694A,RESR, 694A,1,1193,40050749,DDS
sample 308,3.68,ETC 509,ETC,509,24,1191,11140721,ASOE
sample 18,5,HSVC 350,HSVC,350,1,1201,20116806,HSABS
sample 278,4.75,PSY 418,PSY,418,2,1183,20122733,HSABS
sample 397,3.9,IS 330,IS,330,5,1192,20112986,SOBM
sample 31,4.4,PSY 313,PSY,313,9,1183,20001439,HSABS
sample 382,5,HSVC 480,HSVC,480,2,1192,20001026,HSABS
sample 27,4.44,ERL 440,ERL,440,2,1202,20122678,ASOE
sample 66,5,ELP  89,ELP,89,2,1184,20122341,WAL
sample 160,5,ECC 509,ECC,509,1,1183,40030677,ASOE
sample 453,4.71,CJ 365,CJ,365,3,1183,20122932,HSABS
sample 263,5,CS 612,CS,612,1,1191,20123024,SOBM
sample 115,4.94,BSC 407,BSC,407,6,1183,20116804,SOBM
sample 533,4.75,BC 401,BC,401,1,1202,20050134,SOBM
sample 236,4.85,MBA 501,MBA,501,5,1192,40030001,SOBM
sample 248,3.3,EEA 520,EEA,520,5,1202,3544038,DDS
sample 54,3.5,EGC 609,EGC,609,2,1194,20122330,ASOE
sample 109,2.25,HL 340,HL,340,2,1194,20103830,SOBM
sample 222,4.42,BUS 310,BUS,310,6,1193,30107700,SOBM
sample 44,3.5,HL 340,HL,340,1,1192,11062102,SOBM
sample 317,4.56,EML 481,EML,481,2,1184,11104120,ASOE
sample 374,3.69,BSC 407,BSC,407,9,1183,40027687,SOBM
sample 307,4.13,PM 401,PM,401,2,1194,20122524,SOBM
sample 35,4.9,BSC 402,BSC,402,17,1194,20122680,SOBM
sample 18,4.69,COUN 521,COUN,521,2,1201,20116806,HSABS
sample 403,4.79,BSC 400,BSC,400,3,1194,20062567,SOBM
sample 260,5,RESR 694B,RESR, 694B,0,1202,20122773,DDS
sample 555,4.41,MAL 530,MAL,530,8,1191,20105008,DDS
sample 109,3.17,HL 560,HL,560,3,1193,20103830,SOBM
sample 344,3.77,CS 151,CS,151,5,1183,11019390,SOBM
sample 146,5,EEA 536,EEA,536,1,1193,40024879,ASOE
sample 383,5,BSC 407,BSC,407,4,1201,20123406,SOBM
sample 347,2.75,MBA 546,MBA,546,1,1193,20062294,SOBM
sample 208,3.53,MBA 500,MBA,500,8,1202,20122681,SOBM
sample 415,4.75,RESR 694E,RESR, 694E,1,1192,40045614,DDS
sample 313,4.66,MC 584,MC,584,3,1202,11044071,SOBM
sample 293,4.5,EGC 507,EGC,507,2,1193,20105467,HSABS
sample 317,4.19,EDU 322,EDU,322,15,1192,11104120,ASOE
sample 121,4.79,CPC 512,CPC,512,3,1183,20001649,HSABS
sample 558,4.7,MBA 550,MBA,550,11,1192,20001054,SOBM
sample 461,3.13,CPC 695,CPC,695,1,1193,20116019,HSABS
sample 389,5,ECC 509,ECC,509,1,1183,40030664,ASOE
sample 374,4.66,PM 504,PM,504,4,1201,40027687,SOBM
sample 279,4,HR 405,HR,405,1,1184,20062456,SOBM
sample 47,4.88,MBA 525,MBA,525,3,1202,20122541,SOBM
sample 276,4.88,IS 471,IS,471,3,1193,20123185,SOBM
sample 150,3.88,PM 635,PM,635,2,1183,20071358,SOBM
sample 254,4.29,PM 504,PM,504,24,1192,20122916,SOBM
sample 467,4.5,MBA 540,MBA,540,3,1193,20122475,SOBM
sample 444,4.78,TESOL 525,TESOL,525,5,1201,820123781,WAL
sample 123,5,RESR 694B,RESR, 694B,1,1184,820123736,DDS
sample 309,5,MBA 525,MBA,525,1,1183,11044483,SOBM
sample 399,4,NAS 332,NAS,332,1,1194,20122471,SOBM
sample 391,4.75,ESP 373,ESP,373,1,1193,40045835,ASOE
sample 559,4.75,BSM 405,BSM,405,6,1191,20001104,SOBM
sample 150,4.88,PM 635,PM,635,2,1193,20071358,SOBM
sample 249,4.58,MG 360,MG,360,6,1183,20122973,SOBM
sample 524,4.04,MG 495,MG,495,6,1191,11010530,SOBM
sample 26,4.63,HL 300,HL,300,3,1202,20123095,SOBM
sample 413,4.56,CPC 522,CPC,522,4,1184,20001530,HSABS
sample 382,4.2,COUN 622,COUN,622,10,1183,20001026,HSABS
sample 516,4.27,ESP 408,ESP,408,12,1183,20122993,ASOE
sample 1,4.39,EGC 516,EGC,516,12,1202,20117640,HSABS
sample 263,4.19,CS 612,CS,612,23,1193,20123024,SOBM
sample 109,3.63,HL 430,HL,430,1,1202,20103830,SOBM
sample 191,4.86,PSY 202,PSY,202,9,1192,20063576,HSABS
sample 16,5,ENT 620,ENT,620,1,1193,20122317,SOBM
sample 109,5,HL 330,HL,330,1,1183,20103830,SOBM
sample 507,4.91,BC 301,BC,301,10,1192,20074336,SOBM
sample 249,2.93,MK 528,MK,528,7,1193,20122973,SOBM
sample 145,3.8,ENT 300,ENT,300,5,1201,40054285,SOBM
sample 479,5,CPC 606,CPC,606,3,1201,20116007,HSABS
sample 130,5,MK 403,MK,403,1,1193,20001069,SOBM
sample 274,4.22,ISEC 520,ISEC,520,8,1201,23922075,SOBM
sample 324,4,COUN 621,COUN,621,2,1191,11057522,HSABS
sample 390,5,EEA 538,EEA,538,1,1192,40049735,ASOE
sample 524,4.78,MG 495,MG,495,12,1183,11010530,SOBM
sample 5,5,CPC 695,CPC,695,1,1193,20123419,HSABS
sample 261,4.13,BSM 495,BSM,495,1,1202,20062314,SOBM
sample 190,4.88,HL 514,HL,514,2,1193,20122326,SOBM
sample 315,5,COM 452,COM,452,2,1194,20001886,HSABS
sample 427,4.81,LDRD 607,LDRD,607,13,1183,20122342,DDS
sample 16,4.45,AC 301,AC,301,5,1192,20122317,SOBM
sample 92,4.73,EEA 524,EEA,524,6,1193,40032861,DDS
sample 228,3.05,CPC 513,CPC,513,8,1184,20001885,HSABS
sample 439,4.75,ESP 540,ESP,540,1,1194,40050385,ASOE
sample 374,4.73,PM 512,PM,512,6,1192,40027687,SOBM
sample 326,3.19,CPC 525,CPC,525,9,1183,20001510,HSABS
sample 363,4.6,RESR 623,RESR,623,13,1194,20123418,DDS
sample 264,4.15,MBA 515,MBA,515,16,1184,20122603,SOBM
sample 261,4.13,BSM 405,BSM,405,1,1202,20062314,SOBM
sample 18,5,COUN 652,COUN,652,2,1183,20116806,HSABS
sample 386,4.63,RESR 694D,RESR, 694D,1,1194,20100475,DDS
sample 190,5,HL 580,HL,580,1,1191,20122326,SOBM
sample 305,4.22,CPC 556,CPC,556,5,1194,20116607,HSABS
sample 508,4.17,ELP  81,ELP,81,5,1193,20001488,WAL
sample 268,4.13,RESR 694A,RESR, 694A,1,1194,40050333,DDS
sample 109,5,HL 495,HL,495,1,1202,20103830,SOBM
sample 500,4,ISM 580,ISM,580,1,1183,20121489,SOBM
sample 74,3.88,ERL 413,ERL,413,5,1193,40032003,ASOE
sample 270,4.06,PM 401,PM,401,2,1183,20119152,SOBM
sample 18,4.67,COUN 651,COUN,651,3,1202,20116806,HSABS
sample 48,5,BSC 400,BSC,400,1,1192,20122736,SOBM
sample 460,5,HR 407,HR,407,2,1192,20122041,SOBM
sample 207,5,RESR 694A,RESR, 694A,1,1201,40050762,DDS
sample 56,3.92,IS 330,IS,330,5,1192,20110217,SOBM
sample 11,4.5,CPC 510,CPC,510,5,1183,20001451,HSABS
sample 126,4.76,COUN 520,COUN,520,11,1194,40043950,HSABS
sample 510,4.39,ENG 102,ENG,102,7,1191,820123755,HSABS
sample 126,4.31,COUN 562,COUN,562,6,1202,40043950,HSABS
sample 82,3.8,EDU 495,EDU,495,7,1184,820123702,ASOE
sample 318,4.78,DBA 615,DBA,615,11,1193,11095956,SOBM
sample 115,4.5,MC 585,MC,585,3,1193,20116804,SOBM
sample 210,5,RESR  99,RESR,99,1,1201,22653782,DDS
sample 499,3.88,HSVC 410,HSVC,410,2,1191,20122827,HSABS
sample 76,4.97,CPC 513,CPC,513,4,1184,20121984,HSABS
sample 53,4,ETC 614,ETC,614,1,1202,30106854,ASOE
sample 113,3.63,CPC 610,CPC,610,1,1202,20121982,HSABS
sample 58,4.68,ISEC 500,ISEC,500,11,1184,40036163,SOBM
sample 78,3.68,EDU 495,EDU,495,7,1184,20122706,ASOE
sample 121,4.01,CPC 523,CPC,523,18,1193,20001649,HSABS
sample 317,3.71,EDE 439,EDE,439,6,1192,11104120,ASOE
sample 285,4.23,CPC 526,CPC,526,8,1193,40055884,HSABS
sample 212,3.33,ELP  80,ELP,80,3,1202,40033602,WAL
sample 203,5,EEA 642,EEA,642,1,1184,20123081,ASOE
sample 66,4,ELP  85,ELP,85,1,1201,20122341,WAL
sample 237,4.29,LDRD 630,LDRD,630,14,1183,20123547,DDS
sample 231,3.13,HL 530,HL,530,2,1191,20123551,SOBM
sample 126,3,COUN 609,COUN,609,2,1201,40043950,HSABS
sample 369,4.29,SCI 215,SCI,215,3,1184,11125579,HSABS
sample 79,5,MBA 515,MBA,515,2,1183,20123446,SOBM
sample 210,4.88,LDRD 657,LDRD,657,1,1191,22653782,DDS
sample 118,4.75,PM 480,PM,480,1,1202,20105428,SOBM
sample 377,5,HST 306,HST,306,1,1192,11002310,HSABS
sample 269,5,BSC 403,BSC,403,1,1202,20001114,SOBM
sample 142,2.88,CS 687,CS,687,1,1191,20099448,SOBM
sample 156,4.14,CJ 211,CJ,211,7,1192,20122478,SOBM
sample 492,4.55,IS 201,IS,201,5,1201,20123066,SOBM
sample 409,4.88,ETC 604,ETC,604,1,1202,20110000,ASOE
sample 288,4.38,MBA 531,MBA,531,9,1183,20122846,SOBM
sample 251,3.63,HUM 210,HUM,210,2,1192,20122525,SOBM
sample 251,4.67,CJ 360,CJ,360,8,1194,20122525,SOBM
sample 562,3.66,BC 303,BC,303,4,1194,20001707,SOBM
sample 492,4.72,CS 302,CS,302,4,1201,20123066,SOBM
sample 206,5,MAL 594,MAL,594,0,1202,11062138,DDS
sample 480,3.21,CPC 524,CPC,524,3,1194,11110523,HSABS
sample 327,3.63,RESR 694D,RESR, 694D,1,1191,820123761,DDS
sample 217,3.8,MK 528,MK,528,5,1183,820123762,SOBM
sample 415,4.22,LDRD 682,LDRD,682,5,1194,40045614,DDS
sample 3,4.38,ETC 519,ETC,519,6,1201,30115871,ASOE
sample 226,4.67,MK 526,MK,526,3,1194,40058770,SOBM
sample 409,4.78,ETC 513,ETC,513,8,1202,20110000,ASOE
sample 383,4.25,DBA 620,DBA,620,3,1201,20123406,SOBM
sample 471,4.06,CS 142,CS,142,2,1201,40044093,SOBM
sample 115,4.67,MBA 525,MBA,525,6,1194,20116804,SOBM
sample 521,4.27,EDU 322,EDU,322,13,1192,11139886,ASOE
sample 318,4.79,MBA 555,MBA,555,7,1183,11095956,SOBM
sample 143,5,RESR 694A,RESR, 694A,1,1184,20062296,DDS
sample 118,3.88,PM 401,PM,401,4,1184,20105428,SOBM
sample 455,4.13,TESOL 540,TESOL,540,1,1193,820123776,WAL
sample 233,4.6,MBA 511,MBA,511,5,1193,20062318,SOBM
sample 200,3.75,EDE 249,EDE,249,1,1192,11072166,ASOE
sample 146,5,EEA 534,EEA,534,3,1193,40024879,ASOE
sample 108,4.63,TESOL 590,TESOL,590,2,1191,20117520,WAL
sample 143,4.42,BC 306,BC,306,10,1201,20062296,SOBM
sample 453,4,COM 461,COM,461,2,1192,20122932,SOBM
sample 109,5,HL 543,HL,543,1,1201,20103830,SOBM
sample 150,4.69,PM 506,PM,506,2,1202,20071358,SOBM
sample 291,3.5,PM 502,PM,502,2,1193,11068374,SOBM
sample 341,3,EDLD 643,EDLD,643,2,1191,20001313,DDS
sample 559,4.66,MBA 531,MBA,531,8,1184,20001104,SOBM
sample 53,4.28,ETC 570,ETC,570,4,1193,30106854,ASOE
sample 118,4,PM 401,PM,401,12,1192,20105428,SOBM
sample 206,5,ML 521,ML,521,2,1202,11062138,DDS
sample 109,5,HL 511,HL,511,1,1194,20103830,SOBM
sample 552,4.2,ETC 693,ETC,693,5,1183,20122847,ASOE
sample 368,3.03,IS 464,IS,464,4,1193,20110730,SOBM
sample 174,4.9,EGC 507,EGC,507,9,1193,11051787,HSABS
sample 259,4.83,MBA  11,MBA,11,3,1192,20001787,SOBM
sample 191,4.79,PSY 202,PSY,202,6,1183,20063576,HSABS
sample 143,4.75,RESR 694B,RESR, 694B,1,1192,20062296,DDS
sample 461,3.1,CPC 523,CPC,523,10,1193,20116019,HSABS
sample 131,4.53,PM 409,PM,409,7,1202,11032731,SOBM
sample 108,5,TESOL 590,TESOL,590,1,1192,20117520,WAL
sample 27,3.53,EDE 325,EDE,325,4,1191,20122678,ASOE
sample 210,5,RESR  99,RESR,99,1,1202,22653782,DDS
sample 382,4.71,COUN 528,COUN,528,6,1194,20001026,HSABS
sample 411,4,EGC 599,EGC,599,2,1194,20123514,HSABS
sample 18,5,COUN 511,COUN,511,2,1183,20116806,HSABS
sample 214,3.88,CPC 512,CPC,512,3,1193,820123777,HSABS
sample 124,1,CPC 654,CPC,654,1,1183,20123306,HSABS
sample 56,4.19,CS 497,CS,497,2,1202,20110217,SOBM
sample 281,4.39,ETC 553,ETC,553,17,1201,40040687,ASOE
sample 105,5,MBA 540,MBA,540,2,1192,20001879,SOBM
sample 230,3.17,ISEC 520,ISEC,520,9,1183,20123051,SOBM
sample 374,4.31,PM 415,PM,415,2,1202,40027687,SOBM
sample 551,3.04,SCI 215,SCI,215,3,1194,11122189,HSABS
sample 263,4.45,IS 375,IS,375,7,1193,20123024,SOBM
sample 461,4.53,CPC 501,CPC,501,12,1202,20116019,HSABS
sample 262,4.06,CJ 362,CJ,362,4,1201,20123060,SOBM
sample 464,5,EC 400,EC,400,1,1194,20001441,SOBM
sample 54,4.78,ECC 514,ECC,514,4,1192,20122330,ASOE
sample 317,4.38,EML 485,EML,485,1,1184,11104120,ASOE
sample 111,5,EDLD 641,EDLD,641,1,1194,11049270,DDS
sample 361,3.52,DBA 630,DBA,630,6,1193,20102455,SOBM
sample 338,3.71,DBA 605,DBA,605,2,1202,11137957,SOBM
sample 258,3.96,CPC 654,CPC,654,3,1193,40026335,HSABS
sample 311,3.45,EGC 514,EGC,514,10,1192,40044015,HSABS
sample 82,2.81,EDU 313,EDU,313,6,1191,820123702,ASOE
sample 181,4,RESR  99,RESR,99,1,1202,20123322,DDS
sample 249,4.05,FIN 542,FIN,542,11,1183,20122973,SOBM
sample 264,4.58,BSM 414,BSM,414,3,1193,20122603,SOBM
sample 323,4.71,PSY 201,PSY,201,3,1201,11021220,HSABS
sample 442,4.57,LDRD 640,LDRD,640,7,1192,20122473,DDS
sample 75,4.28,ECC 514,ECC,514,4,1184,40035448,ASOE
sample 123,5,RESR 694D,RESR, 694D,1,1192,820123736,DDS
sample 313,4.61,MBA 500,MBA,500,8,1201,11044071,SOBM
sample 245,4.21,EEA 644,EEA,644,3,1194,40031860,ASOE
sample 254,4.69,PM 507,PM,507,13,1193,20122916,SOBM
sample 85,5,MG 201,MG,201,2,1184,20001226,SOBM
sample 461,2.75,CPC 502,CPC,502,8,1193,20116019,HSABS
sample 62,4.72,EEA 534,EEA,534,5,1192,20123441,ASOE
sample 165,4.15,EDU 324,EDU,324,5,1191,20123373,ASOE
sample 210,5,RESR 694D,RESR, 694D,1,1192,22653782,DDS
sample 489,4.72,RESR  99,RESR,99,3,1202,40029585,DDS
sample 73,4.42,BSC 400,BSC,400,3,1194,40045887,SOBM
sample 413,4.81,CPC 513,CPC,513,4,1191,20001530,HSABS
sample 253,4.5,CPC 654,CPC,654,3,1202,40044847,HSABS
sample 17,4,AC 530,AC,530,1,1202,40024099,SOBM
sample 297,4.57,LDRD 606,LDRD,606,9,1191,20083400,DDS
sample 374,4.6,PM 507,PM,507,6,1183,40027687,SOBM
sample 460,5,HR 440,HR,440,1,1191,20122041,SOBM
sample 313,4.2,BSM 404,BSM,404,5,1183,11044071,SOBM
sample 142,5,CS 653,CS,653,1,1192,20099448,SOBM
sample 76,4.39,CPC 523,CPC,523,19,1183,20121984,HSABS
sample 313,4.77,MBA 555,MBA,555,6,1201,11044071,SOBM
sample 469,4.75,CPC 652,CPC,652,1,1201,30104071,HSABS
sample 516,5,ESP 419,ESP,419,2,1202,20122993,ASOE
sample 461,3.75,CPC 527,CPC,527,2,1202,20116019,HSABS
sample 47,4.25,MBA 525,MBA,525,6,1194,20122541,SOBM
sample 57,2.88,ERL 414,ERL,414,1,1192,20123016,ASOE
sample 448,4.19,MAL 535,MAL,535,6,1192,20088660,DDS
sample 427,5,LDRD 639,LDRD,639,1,1193,20122342,DDS
sample 194,4.71,EEA 509,EEA,509,3,1184,11062518,ASOE
sample 264,4.94,DBA 670,DBA,670,2,1184,20122603,SOBM
sample 117,5,EEA 527,EEA,527,1,1191,20001647,DDS
sample 1,4.59,EGC 501,EGC,501,10,1192,20117640,HSABS
sample 264,4.46,MBA 500,MBA,500,14,1201,20122603,SOBM
sample 282,4.65,EGC 513,EGC,513,6,1184,11062361,ASOE
sample 251,5,SSC 204,SSC,204,2,1183,20122525,HSABS
sample 330,4.66,ESP 423,ESP,423,4,1192,40050372,ASOE
sample 327,3.13,RESR 694A,RESR, 694A,1,1184,820123761,DDS
sample 325,4.71,BSC 401,BSC,401,3,1192,11051501,SOBM
sample 198,3.63,EGC 596,EGC,596,5,1191,40044106,HSABS
sample 383,4.44,MBA 520,MBA,520,6,1202,20123406,SOBM
sample 214,3.88,CPC 655,CPC,655,1,1194,820123777,HSABS
sample 493,3.94,CS 687,CS,687,2,1202,40056638,SOBM
sample 396,5,EEA 516,EEA,516,1,1202,20001429,DDS
sample 361,4.94,BSC 407,BSC,407,8,1194,20102455,SOBM
sample 382,5,COUN 503,COUN,503,5,1202,20001026,HSABS
sample 562,4.39,MBA 531,MBA,531,7,1202,20001707,SOBM
sample 205,4.75,CS 533,CS,533,2,1191,3574100,SOBM
sample 36,5,RESR  99,RESR,99,1,1183,20001874,DDS
sample 561,4.41,PM 507,PM,507,11,1183,40032263,SOBM
sample 499,3.98,HSVC 410,HSVC,410,5,1183,20122827,HSABS
sample 448,5,MAL 535,MAL,535,3,1201,20088660,DDS
sample 278,3.68,COUN 501,COUN,501,18,1192,20122733,HSABS
sample 150,5,RESR 694C,RESR, 694C,1,1192,20071358,DDS
sample 510,4.45,ENG 102,ENG,102,10,1201,820123755,HSABS
sample 257,4.5,ENG 102,ENG,102,5,1184,20093762,HSABS
sample 323,3.91,PSY 201,PSY,201,4,1191,11021220,HSABS
sample 61,3.27,CPC 514,CPC,514,5,1192,20117925,HSABS
sample 383,3.13,DBA 615,DBA,615,3,1183,20123406,SOBM
sample 123,5,RESR 694C,RESR, 694C,1,1191,820123736,DDS
sample 5,4.28,CPC 526,CPC,526,4,1183,20123419,HSABS
sample 254,3.96,PM 511,PM,511,15,1192,20122916,SOBM
sample 524,5,MK 386,MK,386,1,1201,11010530,SOBM
sample 116,4.88,ENG 102,ENG,102,5,1192,20118812,HSABS
sample 216,3.75,MBA 531,MBA,531,5,1184,20123204,SOBM
sample 1,4.73,EGC 502,EGC,502,6,1193,20117640,HSABS
sample 369,5,MBA 546,MBA,546,1,1193,11125579,SOBM
sample 143,4.67,DBA 615,DBA,615,3,1183,20062296,SOBM
sample 402,3.86,BSM 495,BSM,495,16,1194,20121062,SOBM
sample 49,3.88,ERL 417,ERL,417,1,1191,820123780,ASOE
sample 118,4,PM 480,PM,480,1,1194,20105428,SOBM
sample 182,3.63,EEA 606,EEA,606,1,1183,20001884,ASOE
sample 511,3.93,CPC 610,CPC,610,9,1192,11112386,HSABS
sample 403,3.88,MTH 110,MTH,110,2,1194,20062567,HSABS
sample 277,4.49,EGC 507,EGC,507,9,1193,20120064,HSABS
sample 322,4.38,EDU 495,EDU,495,14,1184,20062629,ASOE
sample 215,4.39,MC 585,MC,585,9,1202,11005237,SOBM
sample 382,4.67,COUN 632,COUN,632,3,1183,20001026,HSABS
sample 225,3.42,CPC 520,CPC,520,3,1184,20121948,HSABS
sample 313,5,LDRD 644,LDRD,644,1,1192,11044071,DDS
sample 399,3.8,BC 306,BC,306,5,1191,20122471,SOBM
sample 254,4.37,PM 511,PM,511,17,1202,20122916,SOBM
sample 445,5,ENG 102,ENG,102,2,1194,20122605,HSABS
sample 108,4.5,TESOL 590,TESOL,590,2,1183,20117520,WAL
sample 223,3.81,CPC 523,CPC,523,4,1183,820123754,HSABS
sample 419,4.63,BC 301,BC,301,2,1194,20122504,SOBM
sample 14,3.67,MBA 500,MBA,500,5,1192,20119171,SOBM
sample 264,4.95,MBA 500,MBA,500,5,1183,20122603,SOBM
sample 313,5,MBA 555,MBA,555,10,1183,11044071,SOBM
sample 169,4.41,CJ 403,CJ,403,4,1183,11099852,HSABS
sample 245,4.68,ECC 511,ECC,511,9,1191,40031860,ASOE
sample 35,4.81,MG 360,MG,360,9,1193,20122680,SOBM
sample 111,4.13,EDLD 659,EDLD,659,3,1201,11049270,DDS
sample 322,4.9,ETC 538,ETC,538,5,1202,20062629,ASOE
sample 18,4.96,COUN 621,COUN,621,3,1191,20116806,HSABS
sample 233,4.69,BSM 413,BSM,413,2,1184,20062318,SOBM
sample 134,3.98,GS 295,GS,295,5,1184,20123518,HSABS
sample 264,4.88,BC 306,BC,306,1,1194,20122603,SOBM
sample 103,4,CPC 652,CPC,652,1,1201,20122164,HSABS
sample 311,2.75,COUN 510,COUN,510,6,1193,40044015,HSABS
sample 18,5,HSVC 415,HSVC,415,2,1193,20116806,HSABS
sample 494,4.92,ENG 102,ENG,102,18,1193,40032380,HSABS
sample 509,4.88,ETC 553,ETC,553,2,1193,11146282,ASOE
sample 143,4,RESR 694E,RESR, 694E,1,1194,20062296,DDS
sample 460,4.06,HR 512,HR,512,4,1193,20122041,SOBM
sample 369,5,PM 401,PM,401,1,1184,11125579,SOBM
sample 499,4.03,HSVC 420,HSVC,420,2,1202,20122827,HSABS
sample 1,4.76,EGC 508,EGC,508,12,1192,20117640,HSABS
sample 427,5,RESR 694A,RESR, 694A,1,1192,20122342,DDS
sample 144,4.56,EGC 536,EGC,536,4,1193,40032016,ASOE
sample 448,4.22,EAD 527,EAD,527,9,1201,20088660,DDS
sample 524,3.6,MK 388,MK,388,5,1194,11010530,SOBM
sample 508,4.59,ELP  81,ELP,81,4,1201,20001488,WAL
sample 73,4.17,BUS 320,BUS,320,6,1202,40045887,SOBM
sample 558,4.65,MBA 550,MBA,550,5,1183,20001054,SOBM
sample 402,3.63,MBA 546,MBA,546,8,1183,20121062,SOBM
sample 21,3.75,CPC 556,CPC,556,5,1193,40032029,HSABS
sample 264,4.31,DBA 600,DBA,600,8,1192,20122603,SOBM
sample 399,4.25,NAS 332,NAS,332,7,1193,20122471,SOBM
sample 391,4.13,EDE 307,EDE,307,1,1191,40045835,ASOE
sample 171,4.92,COUN 690,COUN,690,6,1191,20118332,HSABS
sample 444,4.71,TESOL 525,TESOL,525,3,1191,820123781,WAL
sample 492,4.58,IS 450,IS,450,3,1183,20123066,SOBM
sample 47,4.06,MBA 525,MBA,525,9,1192,20122541,SOBM
sample 515,5,RESR 694A,RESR, 694A,2,1184,40028259,DDS
sample 71,4.88,ECC 515,ECC,515,1,1184,20123575,ASOE
sample 267,3.5,EDU 329,EDU,329,1,1194,11067247,ASOE
sample 260,4.5,MAL 561,MAL,561,2,1184,20122773,DDS
sample 423,3.56,EEA 532,EEA,532,2,1184,20122958,ASOE
sample 259,4.41,MBA  11,MBA,11,4,1191,20001787,SOBM
sample 305,5,CPC 654,CPC,654,1,1192,20116607,HSABS
sample 328,4.05,PM 401,PM,401,13,1194,20106269,SOBM
sample 89,4.57,ENG 102,ENG,102,19,1183,20117731,HSABS
sample 435,4.47,INT 302,INT,302,4,1202,11118287,SOBM
sample 290,5,MK 527,MK,527,1,1201,20117737,SOBM
sample 150,4.33,PM 509,PM,509,5,1191,20071358,SOBM
sample 338,3.83,BC 301,BC,301,8,1202,11137957,SOBM
sample 278,4.47,COUN 501,COUN,501,10,1202,20122733,HSABS
sample 97,4.67,MBA 546,MBA,546,9,1192,20122666,SOBM
sample 313,4.94,HR 405,HR,405,4,1202,11044071,SOBM
sample 307,4.68,PM 401,PM,401,12,1183,20122524,SOBM
sample 500,5,ISM 580,ISM,580,1,1193,20121489,SOBM
sample 198,4.1,EGC 516,EGC,516,13,1192,40044106,HSABS
sample 154,4.5,EGC 510,EGC,510,3,1183,20114737,ASOE
sample 25,3,PM 401,PM,401,2,1191,20100283,SOBM
sample 276,4.91,IS 471,IS,471,4,1194,20123185,SOBM
sample 279,3.19,HR 405,HR,405,2,1194,20062456,SOBM
sample 398,4.63,BSM 304,BSM,304,5,1192,20119314,SOBM
sample 348,2,IS 472,IS,472,1,1192,20107136,SOBM
sample 537,5,CJ 335,CJ,335,1,1194,11137526,SOBM
sample 261,5,BSM 405,BSM,405,1,1184,20062314,SOBM
sample 78,4.17,ETC 595,ETC,595,5,1201,20122706,ASOE
sample 152,4.92,CJ 350,CJ,350,5,1201,20122708,SOBM
sample 471,3.66,CS 120,CS,120,4,1201,40044093,SOBM
sample 524,4.42,ENT 610,ENT,610,6,1192,11010530,SOBM
sample 261,3.86,MBA 555,MBA,555,8,1184,20062314,SOBM
sample 312,3.63,CPC 600,CPC,600,1,1202,11110696,HSABS
sample 76,4.13,ECC 515,ECC,515,2,1184,20121984,ASOE
sample 228,4.78,CPC 606,CPC,606,9,1201,20001885,HSABS
sample 131,3.71,PM 511,PM,511,7,1183,11032731,SOBM
sample 146,3.69,EEA 642,EEA,642,2,1184,40024879,ASOE
sample 123,4,RESR 694E,RESR, 694E,1,1192,820123736,DDS
sample 479,4.5,CPC 606,CPC,606,2,1191,20116007,HSABS
sample 172,4.4,CPC 502,CPC,502,10,1202,40058900,HSABS
sample 312,4.75,CPC 600,CPC,600,4,1192,11110696,HSABS
sample 105,5,AC 540,AC,540,2,1183,20001879,SOBM
sample 227,5,CPC 651,CPC,651,1,1192,820123701,HSABS
sample 57,3.94,MAT252,MAT,252,1,1202,20123016,ASOE
sample 413,5,CPC 526,CPC,526,3,1183,20001530,HSABS
sample 179,4.13,BC 303,BC,303,13,1194,20123391,SOBM
sample 206,4.46,LDRD 613,LDRD,613,17,1194,11062138,DDS
sample 421,4.44,CPC 654,CPC,654,2,1192,20001353,HSABS
sample 538,4.67,EEA 525,EEA,525,5,1183,20050144,ASOE
sample 262,4.97,CJ 362,CJ,362,4,1192,20123060,SOBM
sample 454,3.5,CS 497,CS,497,3,1201,20001236,SOBM
sample 102,3.83,PM 410,PM,410,3,1194,20111751,SOBM
sample 111,4.25,EDLD 659,EDLD,659,7,1191,11049270,DDS
sample 106,1.75,CPC 603,CPC,603,1,1201,11112532,HSABS
sample 216,3.17,MBA 531,MBA,531,3,1192,20123204,SOBM
sample 264,4.86,BSC 407,BSC,407,10,1202,20122603,SOBM
sample 228,4.69,CPC 512,CPC,512,6,1193,20001885,HSABS
sample 84,3.13,ECC 515,ECC,515,1,1202,40044795,ASOE
sample 134,4,BC 306,BC,306,1,1201,20123518,SOBM
sample 47,4.71,MBA 525,MBA,525,6,1193,20122541,SOBM
sample 150,3.5,RESR 694E,RESR, 694E,1,1193,20071358,DDS
sample 123,5,RESR 694A,RESR, 694A,1,1183,820123736,DDS
sample 461,4.08,CPC 526,CPC,526,9,1183,20116019,HSABS
sample 484,2.75,ETC 595,ETC,595,1,1202,20123285,ASOE
sample 513,4.5,MC 585,MC,585,2,1201,11023903,SOBM
sample 202,4.71,EEA 605,EEA,605,3,1202,20123571,DDS
sample 270,4.2,MBA 515,MBA,515,8,1183,20119152,SOBM
sample 496,3.75,ETC 519,ETC,519,18,1201,11083669,ASOE
sample 419,4.5,BSM 304,BSM,304,4,1184,20122504,SOBM
sample 105,4,AC 405,AC,405,1,1183,20001879,SOBM
sample 373,4.42,TESOL 510,TESOL,510,3,1192,40032146,WAL
sample 25,3.81,MBA 515,MBA,515,2,1194,20100283,SOBM
sample 192,4.58,ETC 501,ETC,501,8,1191,40044912,ASOE
sample 464,4.55,IS 471,IS,471,11,1184,20001441,SOBM
sample 315,4.25,MBA 501,MBA,501,1,1202,20001886,SOBM
sample 145,3.38,MBA 501,MBA,501,8,1201,40054285,SOBM
sample 156,4.25,CJ 211,CJ,211,4,1202,20122478,SOBM
sample 510,5,ENG 101,ENG,101,2,1183,820123755,HSABS
sample 229,4.71,CPC 529,CPC,529,3,1192,20105456,HSABS
sample 212,3,ELP  80,ELP,80,2,1194,40033602,WAL
sample 212,4.72,ELP  80,ELP,80,4,1184,40033602,WAL
sample 447,4.06,BSC 403,BSC,403,2,1193,22748297,SOBM
sample 108,4.75,TESOL 590,TESOL,590,1,1193,20117520,WAL
sample 25,4.54,PM 401,PM,401,3,1193,20100283,SOBM
sample 363,4.22,RESR 623,RESR,623,19,1183,20123418,DDS
sample 179,3.41,MBA 545,MBA,545,15,1191,20123391,SOBM
sample 323,4.28,PSY 245,PSY,245,10,1201,11021220,HSABS
sample 444,5,TESOL 540,TESOL,540,1,1194,820123781,WAL
sample 527,4.47,EEA 606,EEA,606,11,1193,20123128,DDS
sample 54,3.88,EGC 607,EGC,607,1,1202,20122330,ASOE
sample 328,4.38,PM 401,PM,401,9,1202,20106269,SOBM
sample 426,3.46,IS 350,IS,350,3,1192,40037086,SOBM
sample 427,5,LDRD 636,LDRD,636,1,1191,20122342,DDS
sample 534,5,EEA 538,EEA,538,1,1193,40024853,ASOE
sample 254,4.7,PM 401,PM,401,8,1193,20122916,SOBM
sample 515,5,RESR  99,RESR,99,1,1201,40028259,DDS
sample 359,5,IS 330,IS,330,2,1194,11119491,SOBM
sample 135,3.88,FIN 542,FIN,542,1,1183,20066248,SOBM
sample 76,5,CPC 603,CPC,603,1,1201,20121984,HSABS
sample 191,4.75,PSY 498,PSY,498,1,1194,20063576,HSABS
sample 346,4.66,MK 388,MK,388,4,1192,20112406,SOBM
sample 145,4.44,MBA 501,MBA,501,2,1202,40054285,SOBM
sample 46,5,CPC 655,CPC,655,1,1183,11110570,HSABS
sample 159,4.69,MK 529,MK,529,4,1201,11134177,SOBM
sample 461,4.5,CPC 523,CPC,523,8,1183,20116019,HSABS
sample 558,4.57,MBA 550,MBA,550,19,1184,20001054,SOBM
sample 359,4.56,IS 330,IS,330,2,1192,11119491,SOBM
sample 233,5,BSM 404,BSM,404,2,1183,20062318,SOBM
sample 467,4.35,BSC 402,BSC,402,10,1202,20122475,SOBM
sample 149,4.77,ECC 510,ECC,510,8,1183,20123492,ASOE
sample 98,4.55,ETC 519,ETC,519,16,1191,20099248,ASOE
sample 150,4.04,PM 514,PM,514,21,1183,20071358,SOBM
sample 242,3,CO 210,CO,210,1,1202,20062316,HSABS
sample 351,2.25,NAS 332,NAS,332,1,1194,40027024,SOBM
sample 430,4.39,BSC 407,BSC,407,9,1192,20108092,SOBM
sample 91,4.83,ENG 101,ENG,101,5,1194,20122400,HSABS
sample 399,2.25,NAS 331,NAS,331,2,1183,20122471,SOBM
sample 33,4.06,CPC 603,CPC,603,2,1191,20105761,HSABS
sample 225,3.75,CPC 511,CPC,511,4,1191,20121948,HSABS
sample 19,4.79,SCI 201,SCI,201,7,1183,20121988,HSABS
sample 298,3.96,COUN 621,COUN,621,9,1202,40069287,HSABS
sample 185,4.25,HL 420,HL,420,3,1191,20123532,SOBM
sample 310,5,MBA 575,MBA,575,1,1193,20051018,SOBM
sample 475,5,CPC 651,CPC,651,1,1202,20112318,HSABS
sample 91,4.05,ENG 101,ENG,101,14,1193,20122400,HSABS
sample 53,5,ETC 577,ETC,577,3,1194,30106854,ASOE
sample 264,4.97,BSM 404,BSM,404,15,1193,20122603,SOBM
sample 27,4.04,ERL 436,ERL,436,6,1183,20122678,ASOE
sample 475,4.94,CPC 652,CPC,652,2,1193,20112318,HSABS
sample 315,4.21,COM 450,COM,450,3,1194,20001886,HSABS
sample 26,4.84,HL 320,HL,320,8,1183,20123095,SOBM
sample 249,4.67,FIN 543,FIN,543,6,1192,20122973,SOBM
sample 552,3.81,EAD 523,EAD,523,6,1183,20122847,DDS
sample 247,4.08,EGC 514,EGC,514,9,1202,40070769,HSABS
sample 381,4.5,CPC 520,CPC,520,2,1192,20122585,HSABS
sample 369,4.25,BC 306,BC,306,3,1184,11125579,SOBM
sample 375,4.33,MBA 540,MBA,540,9,1184,20092414,SOBM
sample 18,4.75,PSY 220,PSY,220,7,1184,20116806,HSABS
sample 259,4.65,BSM 407,BSM,407,11,1193,20001787,SOBM
sample 221,2.5,MBA 545,MBA,545,2,1192,20117549,SOBM
sample 323,4.77,PSY 201,PSY,201,6,1193,11021220,HSABS
sample 150,5,ISM 550,ISM,550,1,1201,20071358,SOBM
sample 31,4.43,PSY 411,PSY,411,7,1192,20001439,HSABS
sample 386,1,RESR 694C,RESR, 694C,1,1192,20100475,DDS
sample 259,3.75,SSC 220,SSC,220,2,1194,20001787,SOBM
sample 304,4.56,MBA 555,MBA,555,2,1193,20123202,SOBM
sample 345,4.34,ECC 522,ECC,522,15,1202,20122165,ASOE
sample 130,4.6,MK 300,MK,300,9,1191,20001069,SOBM
sample 382,4.67,COUN 652,COUN,652,6,1193,20001026,HSABS
sample 452,4.13,COUN 513,COUN,513,2,1183,11068740,HSABS
sample 345,4.88,ECC 509,ECC,509,1,1193,20122165,ASOE
sample 193,3.94,EML 465,EML,465,2,1183,20097719,ASOE
sample 537,4.81,CJ 403,CJ,403,2,1192,11137526,SOBM
sample 475,5,CPC 651,CPC,651,1,1201,20112318,HSABS
sample 146,4.14,ECC 513,ECC,513,8,1192,40024879,ASOE
sample 399,3.52,NAS 331,NAS,331,5,1192,20122471,SOBM
sample 191,4.88,MATH 141,MATH,141,3,1193,20063576,HSABS
sample 254,4.37,PM511,PM,511,1,1202,20122916,SOBM
sample 31,4.75,SOC 101,SOC,101,1,1184,20001439,HSABS
sample 76,3.71,CPC 525,CPC,525,6,1183,20121984,HSABS
sample 560,4.92,EDU 324,EDU,324,11,1201,20095365,ASOE
sample 310,5,ML 552,ML,552,2,1202,20051018,DDS
sample 305,3.33,CPC 513,CPC,513,3,1201,20116607,HSABS
sample 494,4.96,ENG 102,ENG,102,17,1183,40032380,HSABS
sample 323,4.52,PSY 201,PSY,201,7,1184,11021220,HSABS
sample 123,4.44,RESR  99,RESR,99,2,1193,820123736,DDS
sample 502,3.97,MBA 515,MBA,515,4,1184,20123138,SOBM
sample 49,4.88,TESOL 510,TESOL,510,1,1183,820123780,WAL
sample 352,4.88,MBA 550,MBA,550,2,1201,20116613,SOBM
sample 135,5,BSC 402,BSC,402,1,1184,20066248,SOBM
sample 436,3.48,MBA 535,MBA,535,3,1202,11143027,SOBM
sample 264,3.83,DBA 600,DBA,600,3,1191,20122603,SOBM
sample 509,4.2,EEA 524,EEA,524,16,1194,11146282,DDS
sample 206,4.88,MAL 592,MAL,592,6,1201,11062138,DDS
sample 524,4.56,MK 526,MK,526,4,1192,11010530,SOBM
sample 526,4.88,ETC 593,ETC,593,2,1201,20123334,ASOE
sample 142,5,CS 497,CS,497,2,1184,20099448,SOBM
sample 454,4.76,ITMGMT 575,ITMGMT,575,17,1191,20001236,SOBM
sample 213,4.14,ECC 513,ECC,513,8,1192,30106320,ASOE
sample 264,5,BSM 495,BSM,495,2,1183,20122603,SOBM
sample 524,4.67,MK 205,MK,205,3,1193,11010530,SOBM
sample 109,4.22,HL 500,HL,500,5,1192,20103830,SOBM
sample 254,5,PM444,PM,444,1,1202,20122916,SOBM
sample 284,2.75,MG 360,MG,360,2,1183,11090976,SOBM
sample 206,4.49,LDRD 613,LDRD,613,14,1192,11062138,DDS
sample 382,5,COUN 501,COUN,501,5,1202,20001026,HSABS
sample 275,2.69,CJ 318,CJ,318,4,1193,20122901,SOBM
sample 524,3.96,SCI 306,SCI,306,7,1201,11010530,HSABS
sample 438,5,AC 531,AC,531,1,1191,20001493,SOBM
sample 461,3.38,CPC 695,CPC,695,1,1192,20116019,HSABS
sample 461,3.34,CPC 502,CPC,502,12,1192,20116019,HSABS
sample 177,3.88,MBA 520,MBA,520,3,1193,11119471,SOBM
sample 291,5,PM 513,PM,513,1,1194,11068374,SOBM
sample 49,4.03,ERL 416,ERL,416,4,1194,820123780,ASOE
sample 331,3.5,CPC 502,CPC,502,5,1192,40025399,HSABS
sample 289,4.29,ESP 465,ESP,465,10,1194,11068564,ASOE
sample 382,4.85,COUN 653,COUN,653,9,1194,20001026,HSABS
sample 172,4.77,CPC 513,CPC,513,7,1201,40058900,HSABS
sample 511,4.56,CPC 511,CPC,511,10,1201,11112386,HSABS
sample 15,3.91,ESP 370A,ESP, 370A,7,1201,20123336,ASOE
sample 5,4.97,CPC 524,CPC,524,4,1184,20123419,HSABS
sample 32,3.92,MBA 540,MBA,540,3,1194,40051451,SOBM
sample 477,4.84,ISEC 530,ISEC,530,4,1191,20121937,SOBM
sample 315,4.44,COM 452,COM,452,2,1193,20001886,HSABS
sample 462,4.32,ECC 520,ECC,520,7,1202,20001829,ASOE
sample 204,2.88,ISM 510,ISM,510,2,1192,20104991,SOBM
sample 363,4.5,RESR 625,RESR,625,16,1184,20123418,DDS
sample 26,4.2,HL 300,HL,300,5,1192,20123095,SOBM
sample 550,3.42,ETC 508,ETC,508,3,1191,40045861,ASOE
sample 31,3.83,SOC 412,SOC,412,14,1191,20001439,HSABS
sample 386,4.69,MAL 532,MAL,532,9,1193,20100475,DDS
sample 346,4,MK 388,MK,388,1,1183,20112406,SOBM
sample 105,4.31,BUS 315,BUS,315,2,1193,20001879,SOBM
sample 206,4.17,MAL 594,MAL,594,3,1194,11062138,DDS
sample 284,4,MG 360,MG,360,2,1193,11090976,SOBM
sample 313,5,HR 406,HR,406,1,1202,11044071,SOBM
sample 95,3.33,PM 513,PM,513,3,1193,11145630,SOBM
sample 386,5,RESR 694B,RESR, 694B,1,1183,20100475,DDS
sample 83,4.78,BSM 495,BSM,495,5,1192,20001205,SOBM
sample 233,4.72,MBA 511,MBA,511,4,1183,20062318,SOBM
sample 366,4.9,EAD 505,EAD,505,6,1194,20001090,DDS
sample 466,5,CPC 652,CPC,652,1,1202,20123574,HSABS
sample 261,2.88,MBA 550,MBA,550,1,1194,20062314,SOBM
sample 150,3.5,RESR 694C,RESR, 694C,1,1184,20071358,DDS
sample 313,4.43,MK 205,MK,205,7,1194,11044071,SOBM
sample 455,4.96,TESOL 580,TESOL,580,3,1183,820123776,WAL
sample 270,4.21,MBA 515,MBA,515,10,1191,20119152,SOBM
sample 258,4.25,CPC 655,CPC,655,1,1194,40026335,HSABS
sample 201,4.63,CPC 603,CPC,603,1,1183,20001472,HSABS
sample 495,4.5,ECU 508,ECU,508,1,1183,11083669,ASOE
sample 315,4.46,ENG 102,ENG,102,3,1202,20001886,HSABS
sample 157,4.81,EGC 507,EGC,507,10,1193,20108212,HSABS
sample 260,4.72,LDRD 600,LDRD,600,5,1193,20122773,DDS
sample 5,4.6,CPC 524,CPC,524,11,1194,20123419,HSABS
sample 200,4.31,EDE 249,EDE,249,2,1202,11072166,ASOE
sample 373,4.88,TESOL 510,TESOL,510,3,1194,40032146,WAL
sample 150,5,RESR 694A,RESR, 694A,1,1201,20071358,DDS
sample 263,4.13,IS 375,IS,375,8,1201,20123024,SOBM
sample 460,3.95,MC 585,MC,585,7,1183,20122041,SOBM
sample 143,5,MG 201,MG,201,2,1194,20062296,SOBM
sample 275,3,COM 461,COM,461,2,1194,20122901,SOBM
sample 495,3.7,ESP 376,ESP,376,5,1191,11083669,ASOE
sample 442,5,RESR  99,RESR,99,1,1184,20122473,DDS
sample 177,4.69,MBA 500,MBA,500,6,1192,11119471,SOBM
sample 370,4.46,ECC 513,ECC,513,7,1192,20112259,ASOE
sample 126,4.18,COUN 521,COUN,521,9,1201,40043950,HSABS
sample 516,4.14,ESP 405,ESP,405,11,1192,20122993,ASOE
sample 396,4.38,EEA 509,EEA,509,1,1183,20001429,ASOE
sample 27,3.95,ERL 440,ERL,440,5,1192,20122678,ASOE
sample 220,4,RESR 694E,RESR, 694E,1,1192,20001543,DDS
sample 418,4.28,IS 308,IS,308,5,1192,20117965,SOBM
sample 254,4.73,PM 504,PM,504,13,1202,20122916,SOBM
sample 108,5,TESOL 590,TESOL,590,1,1202,20117520,WAL
sample 521,3.91,EDU 404A,EDU, 404A,7,1201,11139886,ASOE
sample 233,1,MBA 511,MBA,511,1,1192,20062318,SOBM
sample 386,5,RESR 694E,RESR, 694E,2,1194,20100475,DDS
sample 315,5,BC 302,BC,302,1,1194,20001886,SOBM
sample 315,3.71,BC 301,BC,301,3,1184,20001886,SOBM
sample 17,5,AC 531,AC,531,1,1193,40024099,SOBM
sample 130,4.66,MK 300,MK,300,8,1194,20001069,SOBM
sample 110,4.56,CPC 695,CPC,695,2,1183,20106870,HSABS
sample 225,5,CPC 695,CPC,695,1,1193,20121948,HSABS
sample 386,4.25,RESR 694A,RESR, 694A,1,1184,20100475,DDS
sample 427,4,DBA 605,DBA,605,7,1192,20122342,SOBM
sample 417,4.46,EGC 501,EGC,501,9,1202,11053301,HSABS
sample 210,4.5,RESR 694C,RESR, 694C,1,1202,22653782,DDS
sample 249,3.59,BUS 317,BUS,317,8,1194,20122973,SOBM
sample 264,4.5,DBA 670,DBA,670,2,1202,20122603,SOBM
sample 210,4.75,LDRD 664,LDRD,664,3,1192,22653782,DDS
sample 46,4.13,CPC 655,CPC,655,2,1193,11110570,HSABS
sample 475,4.5,CPC 653,CPC,653,1,1183,20112318,HSABS
sample 204,4.06,BC 301,BC,301,14,1184,20104991,SOBM
sample 210,5,RESR 694B,RESR, 694B,1,1184,22653782,DDS
sample 345,3.38,CPC 651,CPC,651,1,1194,20122165,HSABS
sample 191,5,PSY 498,PSY,498,3,1184,20063576,HSABS
sample 51,5,RESR 694B,RESR, 694B,1,1194,22789780,DDS
sample 467,4.95,FIN 544,FIN,544,5,1194,20122475,SOBM
sample 341,5,EDLD 680,EDLD,680,1,1201,20001313,DDS
sample 146,2.25,EEA 641,EEA,641,1,1192,40024879,ASOE
sample 524,4.46,MBA 525,MBA,525,9,1192,11010530,SOBM
sample 16,4.69,AC 533,AC,533,2,1191,20122317,SOBM
sample 467,3.73,MG 360,MG,360,7,1201,20122475,SOBM
sample 524,4.88,COM 319,COM,319,1,1192,11010530,HSABS
sample 461,4.06,CPC 511,CPC,511,2,1201,20116019,HSABS
sample 524,4.09,MK 300,MK,300,8,1194,11010530,SOBM
sample 524,4.86,MBA 525,MBA,525,14,1183,11010530,SOBM
sample 469,3.75,CPC 653,CPC,653,1,1202,30104071,HSABS
sample 254,4.54,PM 505,PM,505,6,1191,20122916,SOBM
sample 439,3.74,ESP 540,ESP,540,11,1201,40050385,ASOE
sample 32,4.06,BSC 402,BSC,402,4,1193,40051451,SOBM
sample 463,3.88,EDU 308,EDU,308,7,1201,20117267,ASOE
sample 322,4.75,ETC 538,ETC,538,5,1192,20062629,ASOE
sample 442,5,MAL 532,MAL,532,1,1184,20122473,DDS
sample 324,1.91,COUN 622,COUN,622,4,1192,11057522,HSABS
sample 367,3.55,ETC 507,ETC,507,18,1202,40073759,ASOE
sample 462,3.54,ECC 513,ECC,513,9,1192,20001829,ASOE
sample 150,4.5,RESR 694D,RESR, 694D,1,1193,20071358,DDS
sample 360,5,BSC 401,BSC,401,1,1183,11117402,SOBM
sample 406,4.96,HL 300,HL,300,3,1194,20122557,SOBM
sample 18,5,HSVC 481,HSVC,481,1,1194,20116806,HSABS
sample 286,4.75,PSY 322,PSY,322,4,1193,20122930,HSABS
sample 344,3.95,CS 151,CS,151,5,1201,11019390,SOBM
sample 157,4.03,EGC 505,EGC,505,17,1191,20108212,HSABS
sample 97,4,NAS 332,NAS,332,1,1194,20122666,SOBM
sample 404,5,MBA 535,MBA,535,1,1192,20062310,SOBM
sample 317,4.25,EML 445,EML,445,2,1183,11104120,ASOE
sample 262,4.73,CJ 360,CJ,360,6,1184,20123060,HSABS
sample 407,3.67,CS 260,CS,260,5,1202,40059303,SOBM
sample 31,4.75,SOC 306,SOC,306,3,1202,20001439,HSABS
sample 501,5,RESR 694C,RESR, 694C,1,1202,40049332,DDS
sample 331,3.38,CPC 502,CPC,502,21,1202,40025399,HSABS
sample 61,4.79,CPC 524,CPC,524,6,1194,20117925,HSABS
sample 164,3,COUN 516,COUN,516,4,1194,40057431,HSABS
sample 271,4.72,MBA 511,MBA,511,5,1191,11041486,SOBM
sample 408,5,EGC 515,EGC,515,2,1184,11069213,ASOE
sample 138,4.1,EDU 308,EDU,308,5,1191,40044587,ASOE
sample 320,3.9,ECC 514,ECC,514,12,1192,40034668,ASOE
sample 228,4.88,CPC 651,CPC,651,2,1192,20001885,HSABS
sample 315,4.25,BC 306,BC,306,1,1202,20001886,SOBM
sample 40,4.5,MBA 605,MBA,605,1,1191,20122162,SOBM
sample 530,4.42,PSY 421,PSY,421,13,1184,40032900,HSABS
sample 259,4.71,MATH 138,MATH,138,6,1184,20001787,HSABS
sample 279,4.88,PSY 201,PSY,201,1,1184,20062456,HSABS
sample 374,3.71,PM 504,PM,504,3,1191,40027687,SOBM
sample 269,4.96,BC 301,BC,301,12,1201,20001114,SOBM
sample 229,3.93,CPC 527,CPC,527,7,1192,20105456,HSABS
sample 99,4.25,EGC 503,EGC,503,15,1193,40054597,HSABS
sample 313,4.91,MBA 500,MBA,500,14,1193,11044071,SOBM
sample 62,4.22,ECC 510,ECC,510,5,1193,20123441,ASOE
sample 499,5,PSY 315,PSY,315,4,1201,20122827,HSABS
sample 461,4.34,CPC 529,CPC,529,4,1191,20116019,HSABS
sample 471,4.82,CS 547,CS,547,18,1193,40044093,SOBM
sample 509,4.13,MBA 511,MBA,511,4,1183,11146282,SOBM
sample 278,4.46,COUN 651,COUN,651,6,1202,20122733,HSABS
sample 206,4.54,LDRD 630,LDRD,630,14,1193,11062138,DDS
sample 331,4.2,CPC 524,CPC,524,7,1184,40025399,HSABS
sample 210,4.5,RESR 694A,RESR, 694A,1,1194,22653782,DDS
sample 492,4.63,ISEC 665,ISEC,665,3,1202,20123066,SOBM
sample 164,2.39,COUN 514,COUN,514,9,1194,40057431,HSABS
sample 204,4.88,ISM 530,ISM,530,1,1184,20104991,SOBM
sample 337,4.3,BSM 405,BSM,405,7,1192,20122506,SOBM
sample 558,4.91,MBA 535,MBA,535,4,1194,20001054,SOBM
sample 190,2.38,HL 570,HL,570,2,1194,20122326,SOBM
sample 510,5,GS 295,GS,295,1,1202,820123755,HSABS
sample 130,4.5,MK 390,MK,390,2,1192,20001069,SOBM
sample 53,3.25,ETC 614,ETC,614,1,1201,30106854,ASOE
sample 379,4.38,ELP  81,ELP,81,10,1183,40024294,WAL
sample 16,4,AC 532,AC,532,1,1202,20122317,SOBM
sample 448,4.5,MAL 535,MAL,535,8,1184,20088660,DDS
sample 499,5,PSY 209,PSY,209,2,1193,20122827,HSABS
sample 266,4.63,BC 306,BC,306,7,1202,11142314,SOBM
sample 444,4.75,TESOL 525,TESOL,525,2,1183,820123781,WAL
sample 409,5,ETC 605,ETC,605,2,1202,20110000,ASOE
sample 316,4.25,PM 635,PM,635,2,1184,20118485,SOBM
sample 16,4.38,ENT 620,ENT,620,1,1194,20122317,SOBM
sample 527,4.45,EEA 605,EEA,605,14,1192,20123128,DDS
sample 76,4.59,CPC 525,CPC,525,4,1192,20121984,HSABS
sample 468,5,ECC 515,ECC,515,1,1194,40024918,ASOE
sample 540,4.67,CJ 360,CJ,360,8,1194,40056105,SOBM
sample 386,5,RESR 694D,RESR, 694D,1,1191,20100475,DDS
sample 348,2.46,IS 350,IS,350,6,1184,20107136,SOBM
sample 233,3.75,BSC 403,BSC,403,1,1192,20062318,SOBM
sample 40,4.63,MBA 606,MBA,606,1,1183,20122162,SOBM
sample 150,4.92,BUS 424,BUS,424,3,1202,20071358,SOBM
sample 558,4.6,MBA 535,MBA,535,13,1192,20001054,SOBM
sample 258,3.97,CPC 522,CPC,522,4,1192,40026335,HSABS
sample 524,4.51,MBA 525,MBA,525,21,1184,11010530,SOBM
sample 275,5,CJ 465,CJ,465,2,1184,20122901,HSABS
sample 66,4.17,ELP  89,ELP,89,5,1183,20122341,WAL
sample 397,5,MBA 520,MBA,520,2,1201,20112986,SOBM
sample 46,3.69,CPC 654,CPC,654,2,1192,11110570,HSABS
sample 126,3.63,COUN 621,COUN,621,2,1201,40043950,HSABS
sample 317,3.58,EDE 439,EDE,439,3,1202,11104120,ASOE
sample 524,4.55,MG 495,MG,495,5,1201,11010530,SOBM
sample 322,4.22,EDU 320A,EDU, 320A,8,1201,20062629,ASOE
sample 555,4.42,MAL 530,MAL,530,11,1201,20105008,DDS
sample 368,4.25,IS 468,IS,468,2,1202,20110730,SOBM
sample 134,4.35,BUS 300,BUS,300,6,1193,20123518,SOBM
sample 344,4.88,IS 430,IS,430,2,1184,11019390,SOBM
sample 210,4,RESR 694B,RESR, 694B,1,1201,22653782,DDS
sample 494,4.78,ENG 102,ENG,102,28,1201,40032380,HSABS
sample 427,5,RESR 694D,RESR, 694D,1,1194,20122342,DDS
sample 455,4.38,TESOL 580,TESOL,580,1,1191,820123776,WAL
sample 20,4.19,CPC 523,CPC,523,2,1201,20084409,HSABS
sample 383,5,BSM 495,BSM,495,2,1193,20123406,SOBM
sample 121,5,CPC 600,CPC,600,1,1183,20001649,HSABS
sample 436,4.38,AC 312,AC,312,3,1193,11143027,SOBM
sample 97,4.48,MBA 501,MBA,501,16,1192,20122666,SOBM
sample 111,5,EDLD 641,EDLD,641,1,1183,11049270,ASOE
sample 460,3.33,MC 585,MC,585,3,1193,20122041,SOBM
sample 76,4.61,CPC 510,CPC,510,10,1201,20121984,HSABS
sample 499,4.75,PSY 422,PSY,422,5,1191,20122827,HSABS
sample 548,4.06,EGC 510,EGC,510,9,1183,20096123,ASOE
sample 113,4.39,CPC 502,CPC,502,13,1202,20121982,HSABS
sample 133,4.36,BSM 407,BSM,407,15,1183,11031033,SOBM
sample 559,3.98,SCI 302,SCI,302,13,1191,20001104,HSABS
sample 557,3.38,EGC 640,EGC,640,1,1183,20001876,ASOE
sample 328,4.18,PM 401,PM,401,23,1193,20106269,SOBM
sample 17,4,AC 559,AC,559,1,1183,40024099,SOBM
sample 489,4.5,RESR 694A,RESR, 694A,2,1192,40029585,DDS
sample 418,3.91,CS 330,CS,330,4,1193,20117965,SOBM
sample 313,4.72,MAL 558,MAL,558,10,1191,11044071,DDS
sample 341,4.13,EDLD 641,EDLD,641,1,1193,20001313,DDS
sample 126,4.79,COUN 621,COUN,621,6,1192,40043950,HSABS
sample 165,2.71,ETC 595,ETC,595,6,1192,20123373,ASOE
sample 363,4.5,RESR 625,RESR,625,17,1201,20123418,DDS
sample 318,3.85,MBA 500,MBA,500,5,1184,11095956,SOBM
sample 467,3.91,MG 360,MG,360,4,1192,20122475,SOBM
sample 352,4.75,MBA 531,MBA,531,5,1202,20116613,SOBM
sample 488,4.75,EGC 530,EGC,530,1,1191,20051566,ASOE
sample 97,5,BSM 304,BSM,304,3,1194,20122666,SOBM
sample 280,3.48,ERL 405,ERL,405,4,1202,2486595,ASOE
sample 489,4.13,RESR 694A,RESR, 694A,1,1184,40029585,DDS
sample 374,4.59,PM 507,PM,507,15,1191,40027687,SOBM
sample 359,3.63,CS 201,CS,201,1,1202,11119491,SOBM
sample 438,4.5,AC 312,AC,312,3,1183,20001493,SOBM
sample 121,4.67,CPC 501,CPC,501,3,1193,20001649,HSABS
sample 395,5,EDLD 649,EDLD,649,1,1192,20100139,DDS
sample 442,4,RESR  99,RESR,99,1,1192,20122473,DDS
sample 525,2.78,ETC 553,ETC,553,4,1191,30118820,ASOE
sample 442,1,RESR  99,RESR,99,1,1191,20122473,DDS
sample 310,4.38,RESR 694A,RESR, 694A,1,1201,20051018,DDS
sample 299,4.67,CJ 410,CJ,410,3,1192,20122942,SOBM
sample 47,4.54,ENT 300,ENT,300,9,1184,20122541,SOBM
sample 179,4.01,MBA 531,MBA,531,11,1184,20123391,SOBM
sample 287,4.54,ETC 595,ETC,595,14,1192,20104906,ASOE
sample 129,1.5,RESR 694F,RESR, 694F,1,1193,20001044,DDS
sample 143,4.13,BSM 495,BSM,495,4,1194,20062296,SOBM
sample 559,4.51,BC 303,BC,303,25,1183,20001104,SOBM
sample 276,5,IS 306,IS,306,1,1201,20123185,SOBM
sample 439,2.73,ESP 423,ESP,423,5,1192,40050385,ASOE
sample 458,4.92,EEA 536,EEA,536,3,1192,20001718,ASOE
